#,Location,"Date Time, GMT-04:00",Month,Day,Year,GMT,AM/PM,"Temp, °C (LGR S/N: 20172415, SEN S/N: 20172415, LBL: fletcher)","Intensity, Lux (LGR S/N: 20172415, SEN S/N: 20172415, LBL: fletcher)",Coupler Attached (LGR S/N: 20172415),Host Connected (LGR S/N: 20172415),Stopped (LGR S/N: 20172415),End Of File (LGR S/N: 20172415)
1,Fletcher,08/30/22 03:00:59  PM,8,30,22,3:00:00,PM,22.908,1130.2,,,,
2,Fletcher,08/30/22 04:00:59  PM,8,30,22,4:00:00,PM,21.378,721.2,,,,
3,Fletcher,08/30/22 05:00:59  PM,8,30,22,5:00:00,PM,20.329,1076.4,,,,
4,Fletcher,08/30/22 06:00:59  PM,8,30,22,6:00:00,PM,19.567,667.4,,,,
5,Fletcher,08/30/22 07:00:59  PM,8,30,22,7:00:00,PM,19.377,64.6,,,,
6,Fletcher,08/30/22 08:00:59  PM,8,30,22,8:00:00,PM,19.187,0,,,,
7,Fletcher,08/30/22 09:00:59  PM,8,30,22,9:00:00,PM,19.282,0,,,,
8,Fletcher,08/30/22 10:00:59  PM,8,30,22,10:00:00,PM,19.377,0,,,,
9,Fletcher,08/30/22 11:00:59  PM,8,30,22,11:00:00,PM,19.092,0,,,,
10,Fletcher,08/31/22 12:00:59  AM,8,31,22,12:00:00,AM,18.616,0,,,,
11,Fletcher,08/31/22 01:00:59  AM,8,31,22,1:00:00,AM,18.616,0,,,,
12,Fletcher,08/31/22 02:00:59  AM,8,31,22,2:00:00,AM,18.045,0,,,,
13,Fletcher,08/31/22 03:00:59  AM,8,31,22,3:00:00,AM,17.57,0,,,,
14,Fletcher,08/31/22 04:00:59  AM,8,31,22,4:00:00,AM,16.618,0,,,,
15,Fletcher,08/31/22 05:00:59  AM,8,31,22,5:00:00,AM,16.427,0,,,,
16,Fletcher,08/31/22 06:00:59  AM,8,31,22,6:00:00,AM,15.378,0,,,,
17,Fletcher,08/31/22 07:00:59  AM,8,31,22,7:00:00,AM,15.091,387.5,,,,
18,Fletcher,08/31/22 08:00:59  AM,8,31,22,8:00:00,AM,15.664,1894.5,,,,
19,Fletcher,08/31/22 09:00:59  AM,8,31,22,9:00:00,AM,15.187,699.7,,,,
20,Fletcher,08/31/22 10:00:59  AM,8,31,22,10:00:00,AM,20.615,5166.7,,,,
21,Fletcher,08/31/22 11:00:59  AM,8,31,22,11:00:00,AM,25.416,52355.9,,,,
22,Fletcher,08/31/22 12:00:59  PM,8,31,22,12:00:00,PM,25.416,2927.8,,,,
23,Fletcher,08/31/22 01:00:59  PM,8,31,22,1:00:00,PM,22.908,2583.4,,,,
24,Fletcher,08/31/22 02:00:59  PM,8,31,22,2:00:00,PM,24.448,5511.1,,,,
25,Fletcher,08/31/22 03:00:59  PM,8,31,22,3:00:00,PM,16.523,3444.5,,,,
26,Fletcher,08/31/22 04:00:59  PM,8,31,22,4:00:00,PM,19.853,1033.3,,,,
27,Fletcher,08/31/22 05:00:59  PM,8,31,22,5:00:00,PM,19.853,2927.8,,,,
28,Fletcher,08/31/22 06:00:59  PM,8,31,22,6:00:00,PM,16.046,96.9,,,,
29,Fletcher,08/31/22 07:00:59  PM,8,31,22,7:00:00,PM,15.187,64.6,,,,
30,Fletcher,08/31/22 08:00:59  PM,8,31,22,8:00:00,PM,15.473,0,,,,
31,Fletcher,08/31/22 09:00:59  PM,8,31,22,9:00:00,PM,15.282,0,,,,
32,Fletcher,08/31/22 10:00:59  PM,8,31,22,10:00:00,PM,12.69,0,,,,
33,Fletcher,08/31/22 11:00:59  PM,8,31,22,11:00:00,PM,14.23,0,,,,
34,Fletcher,2009-01-22 0:00,9,1,22,12:00:00,AM,14.804,0,,,,
35,Fletcher,2009-01-22 1:00,9,1,22,1:00:00,AM,13.461,0,,,,
36,Fletcher,2009-01-22 2:00,9,1,22,2:00:00,AM,12.98,0,,,,
37,Fletcher,2009-01-22 3:00,9,1,22,3:00:00,AM,12.69,0,,,,
38,Fletcher,2009-01-22 4:00,9,1,22,4:00:00,AM,11.334,0,,,,
39,Fletcher,2009-01-22 5:00,9,1,22,5:00:00,AM,11.334,0,,,,
40,Fletcher,2009-01-22 6:00,9,1,22,6:00:00,AM,10.455,0,,,,
41,Fletcher,2009-01-22 7:00,9,1,22,7:00:00,AM,9.373,118.4,,,,
42,Fletcher,2009-01-22 8:00,9,1,22,8:00:00,AM,9.669,215.3,,,,
43,Fletcher,2009-01-22 9:00,9,1,22,9:00:00,AM,10.357,871.9,,,,
44,Fletcher,2009-01-22 10:00,9,1,22,10:00:00,AM,16.523,10677.8,,,,
45,Fletcher,2009-01-22 11:00,9,1,22,11:00:00,AM,21.378,57867,,,,
46,Fletcher,2009-01-22 12:00,9,1,22,12:00:00,PM,24.062,60622.6,,,,
47,Fletcher,2009-01-22 13:00,9,1,22,1:00:00,PM,18.14,5166.7,,,,
48,Fletcher,2009-01-22 14:00,9,1,22,2:00:00,PM,17.284,4650,,,,
49,Fletcher,2009-01-22 15:00,9,1,22,3:00:00,PM,21.091,6544.5,,,,
50,Fletcher,2009-01-22 16:00,9,1,22,4:00:00,PM,18.426,4994.5,,,,
51,Fletcher,2009-01-22 17:00,9,1,22,5:00:00,PM,18.996,3444.5,,,,
52,Fletcher,2009-01-22 18:00,9,1,22,6:00:00,PM,16.808,1259.4,,,,
53,Fletcher,2009-01-22 19:00,9,1,22,7:00:00,PM,14.804,387.5,,,,
54,Fletcher,2009-01-22 20:00,9,1,22,8:00:00,PM,10.944,0,,,,
55,Fletcher,2009-01-22 21:00,9,1,22,9:00:00,PM,9.669,0,,,,
56,Fletcher,2009-01-22 22:00,9,1,22,10:00:00,PM,9.176,0,,,,
57,Fletcher,2009-01-22 23:00,9,1,22,11:00:00,PM,9.571,0,,,,
58,Fletcher,2009-02-22 0:00,9,2,22,12:00:00,AM,8.779,0,,,,
59,Fletcher,2009-02-22 1:00,9,2,22,1:00:00,AM,8.282,0,,,,
60,Fletcher,2009-02-22 2:00,9,2,22,2:00:00,AM,8.182,0,,,,
61,Fletcher,2009-02-22 3:00,9,2,22,3:00:00,AM,7.481,0,,,,
62,Fletcher,2009-02-22 4:00,9,2,22,4:00:00,AM,7.381,0,,,,
63,Fletcher,2009-02-22 5:00,9,2,22,5:00:00,AM,9.373,0,,,,
64,Fletcher,2009-02-22 6:00,9,2,22,6:00:00,AM,9.373,0,,,,
65,Fletcher,2009-02-22 7:00,9,2,22,7:00:00,AM,9.275,183,,,,
66,Fletcher,2009-02-22 8:00,9,2,22,8:00:00,AM,12.497,1270.1,,,,
67,Fletcher,2009-02-22 9:00,9,2,22,9:00:00,AM,13.269,1054.9,,,,
68,Fletcher,2009-02-22 10:00,9,2,22,10:00:00,AM,18.996,4133.4,,,,
69,Fletcher,2009-02-22 11:00,9,2,22,11:00:00,AM,22.812,15844.5,,,,
70,Fletcher,2009-02-22 12:00,9,2,22,12:00:00,PM,28.456,7233.4,,,,
71,Fletcher,2009-02-22 13:00,9,2,22,1:00:00,PM,27.961,8611.2,,,,
72,Fletcher,2009-02-22 14:00,9,2,22,2:00:00,PM,28.555,39955.8,,,,
73,Fletcher,2009-02-22 15:00,9,2,22,3:00:00,PM,27.567,8266.7,,,,
74,Fletcher,2009-02-22 16:00,9,2,22,4:00:00,PM,26.292,5166.7,,,,
75,Fletcher,2009-02-22 17:00,9,2,22,5:00:00,PM,24.158,2755.6,,,,
76,Fletcher,2009-02-22 18:00,9,2,22,6:00:00,PM,22.142,1227.1,,,,
77,Fletcher,2009-02-22 19:00,9,2,22,7:00:00,PM,19.758,118.4,,,,
78,Fletcher,2009-02-22 20:00,9,2,22,8:00:00,PM,17.094,0,,,,
79,Fletcher,2009-02-22 21:00,9,2,22,9:00:00,PM,16.332,0,,,,
80,Fletcher,2009-02-22 22:00,9,2,22,10:00:00,PM,15.951,0,,,,
81,Fletcher,2009-02-22 23:00,9,2,22,11:00:00,PM,15.091,0,,,,
82,Fletcher,2009-03-22 0:00,9,3,22,12:00:00,AM,14.9,0,,,,
83,Fletcher,2009-03-22 1:00,9,3,22,1:00:00,AM,13.654,0,,,,
84,Fletcher,2009-03-22 2:00,9,3,22,2:00:00,AM,13.365,0,,,,
85,Fletcher,2009-03-22 3:00,9,3,22,3:00:00,AM,12.787,0,,,,
86,Fletcher,2009-03-22 4:00,9,3,22,4:00:00,AM,12.013,0,,,,
87,Fletcher,2009-03-22 5:00,9,3,22,5:00:00,AM,11.431,0,,,,
88,Fletcher,2009-03-22 6:00,9,3,22,6:00:00,AM,11.625,0,,,,
89,Fletcher,2009-03-22 7:00,9,3,22,7:00:00,AM,13.269,699.7,,,,
90,Fletcher,2009-03-22 8:00,9,3,22,8:00:00,AM,15.855,1550,,,,
91,Fletcher,2009-03-22 9:00,9,3,22,9:00:00,AM,17.76,3272.2,,,,
92,Fletcher,2009-03-22 10:00,9,3,22,10:00:00,AM,23.196,7233.4,,,,
93,Fletcher,2009-03-22 11:00,9,3,22,11:00:00,AM,26.585,10333.4,,,,
94,Fletcher,2009-03-22 12:00,9,3,22,12:00:00,PM,32.807,71644.9,,,,
95,Fletcher,2009-03-22 13:00,9,3,22,1:00:00,PM,30.659,55111.5,,,,
96,Fletcher,2009-03-22 14:00,9,3,22,2:00:00,PM,29.252,9644.5,,,,
97,Fletcher,2009-03-22 15:00,9,3,22,3:00:00,PM,29.652,7577.8,,,,
98,Fletcher,2009-03-22 16:00,9,3,22,4:00:00,PM,27.764,2325,,,,
99,Fletcher,2009-03-22 17:00,9,3,22,5:00:00,PM,27.567,3616.7,,,,
100,Fletcher,2009-03-22 18:00,9,3,22,6:00:00,PM,25.222,1550,,,,
101,Fletcher,2009-03-22 19:00,9,3,22,7:00:00,PM,23.196,484.4,,,,
102,Fletcher,2009-03-22 20:00,9,3,22,8:00:00,PM,21.664,0,,,,
103,Fletcher,2009-03-22 21:00,9,3,22,9:00:00,PM,19.948,0,,,,
104,Fletcher,2009-03-22 22:00,9,3,22,10:00:00,PM,20.138,0,,,,
105,Fletcher,2009-03-22 23:00,9,3,22,11:00:00,PM,18.616,0,,,,
106,Fletcher,2009-04-22 0:00,9,4,22,12:00:00,AM,17.95,0,,,,
107,Fletcher,2009-04-22 1:00,9,4,22,1:00:00,AM,16.903,0,,,,
108,Fletcher,2009-04-22 2:00,9,4,22,2:00:00,AM,15.569,0,,,,
109,Fletcher,2009-04-22 3:00,9,4,22,3:00:00,AM,14.517,0,,,,
110,Fletcher,2009-04-22 4:00,9,4,22,4:00:00,AM,13.75,0,,,,
111,Fletcher,2009-04-22 5:00,9,4,22,5:00:00,AM,13.076,0,,,,
112,Fletcher,2009-04-22 6:00,9,4,22,6:00:00,AM,12.98,0,,,,
113,Fletcher,2009-04-22 7:00,9,4,22,7:00:00,AM,13.076,204.5,,,,
114,Fletcher,2009-04-22 8:00,9,4,22,8:00:00,AM,13.654,947.2,,,,
115,Fletcher,2009-04-22 9:00,9,4,22,9:00:00,AM,13.269,1044.1,,,,
116,Fletcher,2009-04-22 10:00,9,4,22,10:00:00,AM,14.23,2497.2,,,,
117,Fletcher,2009-04-22 11:00,9,4,22,11:00:00,AM,14.804,2755.6,,,,
118,Fletcher,2009-04-22 12:00,9,4,22,12:00:00,PM,16.903,7233.4,,,,
119,Fletcher,2009-04-22 13:00,9,4,22,1:00:00,PM,18.331,5338.9,,,,
120,Fletcher,2009-04-22 14:00,9,4,22,2:00:00,PM,18.616,5166.7,,,,
121,Fletcher,2009-04-22 15:00,9,4,22,3:00:00,PM,19.187,4133.4,,,,
122,Fletcher,2009-04-22 16:00,9,4,22,4:00:00,PM,18.426,5338.9,,,,
123,Fletcher,2009-04-22 17:00,9,4,22,5:00:00,PM,19.567,2755.6,,,,
124,Fletcher,2009-04-22 18:00,9,4,22,6:00:00,PM,18.14,1980.6,,,,
125,Fletcher,2009-04-22 19:00,9,4,22,7:00:00,PM,15.951,355.2,,,,
126,Fletcher,2009-04-22 20:00,9,4,22,8:00:00,PM,13.173,0,,,,
127,Fletcher,2009-04-22 21:00,9,4,22,9:00:00,PM,11.819,0,,,,
128,Fletcher,2009-04-22 22:00,9,4,22,10:00:00,PM,10.944,0,,,,
129,Fletcher,2009-04-22 23:00,9,4,22,11:00:00,PM,10.748,0,,,,
130,Fletcher,2009-05-22 0:00,9,5,22,12:00:00,AM,9.965,0,,,,
131,Fletcher,2009-05-22 1:00,9,5,22,1:00:00,AM,10.161,0,,,,
132,Fletcher,2009-05-22 2:00,9,5,22,2:00:00,AM,10.357,0,,,,
133,Fletcher,2009-05-22 3:00,9,5,22,3:00:00,AM,10.063,0,,,,
134,Fletcher,2009-05-22 4:00,9,5,22,4:00:00,AM,9.768,0,,,,
135,Fletcher,2009-05-22 5:00,9,5,22,5:00:00,AM,9.571,0,,,,
136,Fletcher,2009-05-22 6:00,9,5,22,6:00:00,AM,10.357,0,,,,
137,Fletcher,2009-05-22 7:00,9,5,22,7:00:00,AM,11.139,376.7,,,,
138,Fletcher,2009-05-22 8:00,9,5,22,8:00:00,AM,12.207,1184,,,,
139,Fletcher,2009-05-22 9:00,9,5,22,9:00:00,AM,13.846,2497.2,,,,
140,Fletcher,2009-05-22 10:00,9,5,22,10:00:00,AM,19.853,11022.3,,,,
141,Fletcher,2009-05-22 11:00,9,5,22,11:00:00,AM,24.158,16533.4,,,,
142,Fletcher,2009-05-22 12:00,9,5,22,12:00:00,PM,28.06,49600.3,,,,
143,Fletcher,2009-05-22 13:00,9,5,22,1:00:00,PM,23.1,8266.7,,,,
144,Fletcher,2009-05-22 14:00,9,5,22,2:00:00,PM,21.664,15155.7,,,,
145,Fletcher,2009-05-22 15:00,9,5,22,3:00:00,PM,24.062,8611.2,,,,
146,Fletcher,2009-05-22 16:00,9,5,22,4:00:00,PM,23.004,5166.7,,,,
147,Fletcher,2009-05-22 17:00,9,5,22,5:00:00,PM,21.569,4477.8,,,,
148,Fletcher,2009-05-22 18:00,9,5,22,6:00:00,PM,19.472,785.8,,,,
149,Fletcher,2009-05-22 19:00,9,5,22,7:00:00,PM,17.284,409,,,,
150,Fletcher,2009-05-22 20:00,9,5,22,8:00:00,PM,14.134,0,,,,
151,Fletcher,2009-05-22 21:00,9,5,22,9:00:00,PM,12.883,0,,,,
152,Fletcher,2009-05-22 22:00,9,5,22,10:00:00,PM,12.11,0,,,,
153,Fletcher,2009-05-22 23:00,9,5,22,11:00:00,PM,11.625,0,,,,
154,Fletcher,2009-06-22 0:00,9,6,22,12:00:00,AM,10.846,0,,,,
155,Fletcher,2009-06-22 1:00,9,6,22,1:00:00,AM,10.553,0,,,,
156,Fletcher,2009-06-22 2:00,9,6,22,2:00:00,AM,10.161,0,,,,
157,Fletcher,2009-06-22 3:00,9,6,22,3:00:00,AM,11.528,0,,,,
158,Fletcher,2009-06-22 4:00,9,6,22,4:00:00,AM,11.041,0,,,,
159,Fletcher,2009-06-22 5:00,9,6,22,5:00:00,AM,10.846,0,,,,
160,Fletcher,2009-06-22 6:00,9,6,22,6:00:00,AM,10.455,0,,,,
161,Fletcher,2009-06-22 7:00,9,6,22,7:00:00,AM,9.965,118.4,,,,
162,Fletcher,2009-06-22 8:00,9,6,22,8:00:00,AM,11.916,236.8,,,,
163,Fletcher,2009-06-22 9:00,9,6,22,9:00:00,AM,15.76,3444.5,,,,
164,Fletcher,2009-06-22 10:00,9,6,22,10:00:00,AM,18.14,6200,,,,
165,Fletcher,2009-06-22 11:00,9,6,22,11:00:00,AM,26.683,68889.3,,,,
166,Fletcher,2009-06-22 12:00,9,6,22,12:00:00,PM,23.966,77156.1,,,,
167,Fletcher,2009-06-22 13:00,9,6,22,1:00:00,PM,23.869,5166.7,,,,
168,Fletcher,2009-06-22 14:00,9,6,22,2:00:00,PM,23.004,4650,,,,
169,Fletcher,2009-06-22 15:00,9,6,22,3:00:00,PM,23.388,5511.1,,,,
170,Fletcher,2009-06-22 16:00,9,6,22,4:00:00,PM,23.677,4822.3,,,,
171,Fletcher,2009-06-22 17:00,9,6,22,5:00:00,PM,21.664,2238.9,,,,
172,Fletcher,2009-06-22 18:00,9,6,22,6:00:00,PM,19.948,839.6,,,,
173,Fletcher,2009-06-22 19:00,9,6,22,7:00:00,PM,18.711,204.5,,,,
174,Fletcher,2009-06-22 20:00,9,6,22,8:00:00,PM,17.76,0,,,,
175,Fletcher,2009-06-22 21:00,9,6,22,9:00:00,PM,16.046,0,,,,
176,Fletcher,2009-06-22 22:00,9,6,22,10:00:00,PM,14.038,0,,,,
177,Fletcher,2009-06-22 23:00,9,6,22,11:00:00,PM,14.709,0,,,,
178,Fletcher,2009-07-22 0:00,9,7,22,12:00:00,AM,13.269,0,,,,
179,Fletcher,2009-07-22 1:00,9,7,22,1:00:00,AM,13.846,0,,,,
180,Fletcher,2009-07-22 2:00,9,7,22,2:00:00,AM,15.855,0,,,,
181,Fletcher,2009-07-22 3:00,9,7,22,3:00:00,AM,16.046,0,,,,
182,Fletcher,2009-07-22 4:00,9,7,22,4:00:00,AM,15.951,0,,,,
183,Fletcher,2009-07-22 5:00,9,7,22,5:00:00,AM,16.046,0,,,,
184,Fletcher,2009-07-22 6:00,9,7,22,6:00:00,AM,16.141,0,,,,
185,Fletcher,2009-07-22 7:00,9,7,22,7:00:00,AM,16.332,150.7,,,,
186,Fletcher,2009-07-22 8:00,9,7,22,8:00:00,AM,17.475,1248.6,,,,
187,Fletcher,2009-07-22 9:00,9,7,22,9:00:00,AM,18.806,2411.1,,,,
188,Fletcher,2009-07-22 10:00,9,7,22,10:00:00,AM,19.853,3444.5,,,,
189,Fletcher,2009-07-22 11:00,9,7,22,11:00:00,AM,26.292,49600.3,,,,
190,Fletcher,2009-07-22 12:00,9,7,22,12:00:00,PM,24.545,42711.4,,,,
191,Fletcher,2009-07-22 13:00,9,7,22,1:00:00,PM,23.773,4994.5,,,,
192,Fletcher,2009-07-22 14:00,9,7,22,2:00:00,PM,27.665,44089.2,,,,
193,Fletcher,2009-07-22 15:00,9,7,22,3:00:00,PM,25.61,6200,,,,
194,Fletcher,2009-07-22 16:00,9,7,22,4:00:00,PM,23.292,3272.2,,,,
195,Fletcher,2009-07-22 17:00,9,7,22,5:00:00,PM,22.238,1550,,,,
196,Fletcher,2009-07-22 18:00,9,7,22,6:00:00,PM,21.473,1151.7,,,,
197,Fletcher,2009-07-22 19:00,9,7,22,7:00:00,PM,19.282,247.6,,,,
198,Fletcher,2009-07-22 20:00,9,7,22,8:00:00,PM,16.808,0,,,,
199,Fletcher,2009-07-22 21:00,9,7,22,9:00:00,PM,15.378,0,,,,
200,Fletcher,2009-07-22 22:00,9,7,22,10:00:00,PM,13.942,0,,,,
201,Fletcher,2009-07-22 23:00,9,7,22,11:00:00,PM,13.269,0,,,,
202,Fletcher,2009-08-22 0:00,9,8,22,12:00:00,AM,12.787,0,,,,
203,Fletcher,2009-08-22 1:00,9,8,22,1:00:00,AM,12.207,0,,,,
204,Fletcher,2009-08-22 2:00,9,8,22,2:00:00,AM,11.819,0,,,,
205,Fletcher,2009-08-22 3:00,9,8,22,3:00:00,AM,11.334,0,,,,
206,Fletcher,2009-08-22 4:00,9,8,22,4:00:00,AM,11.139,0,,,,
207,Fletcher,2009-08-22 5:00,9,8,22,5:00:00,AM,11.139,0,,,,
208,Fletcher,2009-08-22 6:00,9,8,22,6:00:00,AM,10.846,0,,,,
209,Fletcher,2009-08-22 7:00,9,8,22,7:00:00,AM,10.651,193.8,,,,
210,Fletcher,2009-08-22 8:00,9,8,22,8:00:00,AM,16.237,1205.6,,,,
211,Fletcher,2009-08-22 9:00,9,8,22,9:00:00,AM,17.665,2927.8,,,,
212,Fletcher,2009-08-22 10:00,9,8,22,10:00:00,AM,23.677,11022.3,,,,
213,Fletcher,2009-08-22 11:00,9,8,22,11:00:00,AM,29.152,63378.2,,,,
214,Fletcher,2009-08-22 12:00,9,8,22,12:00:00,PM,33.118,66133.8,,,,
215,Fletcher,2009-08-22 13:00,9,8,22,1:00:00,PM,28.159,8266.7,,,,
216,Fletcher,2009-08-22 14:00,9,8,22,2:00:00,PM,29.652,49600.3,,,,
217,Fletcher,2009-08-22 15:00,9,8,22,3:00:00,PM,27.567,8611.2,,,,
218,Fletcher,2009-08-22 16:00,9,8,22,4:00:00,PM,25.805,5166.7,,,,
219,Fletcher,2009-08-22 17:00,9,8,22,5:00:00,PM,23.869,2583.4,,,,
220,Fletcher,2009-08-22 18:00,9,8,22,6:00:00,PM,21.855,1151.7,,,,
221,Fletcher,2009-08-22 19:00,9,8,22,7:00:00,PM,19.092,226,,,,
222,Fletcher,2009-08-22 20:00,9,8,22,8:00:00,PM,15.091,0,,,,
223,Fletcher,2009-08-22 21:00,9,8,22,9:00:00,PM,14.134,0,,,,
224,Fletcher,2009-08-22 22:00,9,8,22,10:00:00,PM,13.365,0,,,,
225,Fletcher,2009-08-22 23:00,9,8,22,11:00:00,PM,12.594,0,,,,
226,Fletcher,2009-09-22 0:00,9,9,22,12:00:00,AM,12.013,0,,,,
227,Fletcher,2009-09-22 1:00,9,9,22,1:00:00,AM,11.916,0,,,,
228,Fletcher,2009-09-22 2:00,9,9,22,2:00:00,AM,11.819,0,,,,
229,Fletcher,2009-09-22 3:00,9,9,22,3:00:00,AM,11.431,0,,,,
230,Fletcher,2009-09-22 4:00,9,9,22,4:00:00,AM,11.139,0,,,,
231,Fletcher,2009-09-22 5:00,9,9,22,5:00:00,AM,10.944,0,,,,
232,Fletcher,2009-09-22 6:00,9,9,22,6:00:00,AM,10.553,0,,,,
233,Fletcher,2009-09-22 7:00,9,9,22,7:00:00,AM,10.846,376.7,,,,
234,Fletcher,2009-09-22 8:00,9,9,22,8:00:00,AM,14.134,1011.8,,,,
235,Fletcher,2009-09-22 9:00,9,9,22,9:00:00,AM,16.999,1550,,,,
236,Fletcher,2009-09-22 10:00,9,9,22,10:00:00,AM,23.196,9644.5,,,,
237,Fletcher,2009-09-22 11:00,9,9,22,11:00:00,AM,27.862,44089.2,,,,
238,Fletcher,2009-09-22 12:00,9,9,22,12:00:00,PM,31.676,39955.8,,,,
239,Fletcher,2009-09-22 13:00,9,9,22,1:00:00,PM,28.953,9300.1,,,,
240,Fletcher,2009-09-22 14:00,9,9,22,2:00:00,PM,28.655,33066.9,,,,
241,Fletcher,2009-09-22 15:00,9,9,22,3:00:00,PM,28.06,7577.8,,,,
242,Fletcher,2009-09-22 16:00,9,9,22,4:00:00,PM,26.39,5338.9,,,,
243,Fletcher,2009-09-22 17:00,9,9,22,5:00:00,PM,24.448,2755.6,,,,
244,Fletcher,2009-09-22 18:00,9,9,22,6:00:00,PM,22.333,1173.3,,,,
245,Fletcher,2009-09-22 19:00,9,9,22,7:00:00,PM,20.043,247.6,,,,
246,Fletcher,2009-09-22 20:00,9,9,22,8:00:00,PM,16.713,0,,,,
247,Fletcher,2009-09-22 21:00,9,9,22,9:00:00,PM,15.569,0,,,,
248,Fletcher,2009-09-22 22:00,9,9,22,10:00:00,PM,15.378,0,,,,
249,Fletcher,2009-09-22 23:00,9,9,22,11:00:00,PM,15.187,0,,,,
250,Fletcher,2009-10-22 0:00,9,10,22,12:00:00,AM,13.846,0,,,,
251,Fletcher,2009-10-22 1:00,9,10,22,1:00:00,AM,13.076,0,,,,
252,Fletcher,2009-10-22 2:00,9,10,22,2:00:00,AM,13.173,0,,,,
253,Fletcher,2009-10-22 3:00,9,10,22,3:00:00,AM,12.883,0,,,,
254,Fletcher,2009-10-22 4:00,9,10,22,4:00:00,AM,12.497,0,,,,
255,Fletcher,2009-10-22 5:00,9,10,22,5:00:00,AM,12.207,0,,,,
256,Fletcher,2009-10-22 6:00,9,10,22,6:00:00,AM,11.819,0,,,,
257,Fletcher,2009-10-22 7:00,9,10,22,7:00:00,AM,11.916,193.8,,,,
258,Fletcher,2009-10-22 8:00,9,10,22,8:00:00,AM,14.421,538.2,,,,
259,Fletcher,2009-10-22 9:00,9,10,22,9:00:00,AM,16.808,753.5,,,,
260,Fletcher,2009-10-22 10:00,9,10,22,10:00:00,AM,24.351,9644.5,,,,
261,Fletcher,2009-10-22 11:00,9,10,22,11:00:00,AM,30.457,44089.2,,,,
262,Fletcher,2009-10-22 12:00,9,10,22,12:00:00,PM,32.704,9300.1,,,,
263,Fletcher,2009-10-22 13:00,9,10,22,1:00:00,PM,30.659,8611.2,,,,
264,Fletcher,2009-10-22 14:00,9,10,22,2:00:00,PM,30.558,24800.2,,,,
265,Fletcher,2009-10-22 15:00,9,10,22,3:00:00,PM,29.252,8611.2,,,,
266,Fletcher,2009-10-22 16:00,9,10,22,4:00:00,PM,27.37,6200,,,,
267,Fletcher,2009-10-22 17:00,9,10,22,5:00:00,PM,25.708,2497.2,,,,
268,Fletcher,2009-10-22 18:00,9,10,22,6:00:00,PM,23.581,1722.2,,,,
269,Fletcher,2009-10-22 19:00,9,10,22,7:00:00,PM,21.569,462.9,,,,
270,Fletcher,2009-10-22 20:00,9,10,22,8:00:00,PM,18.616,0,,,,
271,Fletcher,2009-10-22 21:00,9,10,22,9:00:00,PM,16.903,0,,,,
272,Fletcher,2009-10-22 22:00,9,10,22,10:00:00,PM,15.378,0,,,,
273,Fletcher,2009-10-22 23:00,9,10,22,11:00:00,PM,13.558,0,,,,
274,Fletcher,2009-11-22 0:00,9,11,22,12:00:00,AM,12.787,0,,,,
275,Fletcher,2009-11-22 1:00,9,11,22,1:00:00,AM,12.497,0,,,,
276,Fletcher,2009-11-22 2:00,9,11,22,2:00:00,AM,12.304,0,,,,
277,Fletcher,2009-11-22 3:00,9,11,22,3:00:00,AM,12.11,0,,,,
278,Fletcher,2009-11-22 4:00,9,11,22,4:00:00,AM,11.819,0,,,,
279,Fletcher,2009-11-22 5:00,9,11,22,5:00:00,AM,11.916,0,,,,
280,Fletcher,2009-11-22 6:00,9,11,22,6:00:00,AM,12.304,0,,,,
281,Fletcher,2009-11-22 7:00,9,11,22,7:00:00,AM,13.942,236.8,,,,
282,Fletcher,2009-11-22 8:00,9,11,22,8:00:00,AM,16.237,1141,,,,
283,Fletcher,2009-11-22 9:00,9,11,22,9:00:00,AM,17.855,1259.4,,,,
284,Fletcher,2009-11-22 10:00,9,11,22,10:00:00,AM,24.738,10677.8,,,,
285,Fletcher,2009-11-22 11:00,9,11,22,11:00:00,AM,28.357,18600.1,,,,
286,Fletcher,2009-11-22 12:00,9,11,22,12:00:00,PM,29.652,22044.6,,,,
287,Fletcher,2009-11-22 13:00,9,11,22,1:00:00,PM,28.555,9644.5,,,,
288,Fletcher,2009-11-22 14:00,9,11,22,2:00:00,PM,27.173,6200,,,,
289,Fletcher,2009-11-22 15:00,9,11,22,3:00:00,PM,24.545,3444.5,,,,
290,Fletcher,2009-11-22 16:00,9,11,22,4:00:00,PM,23.677,2411.1,,,,
291,Fletcher,2009-11-22 17:00,9,11,22,5:00:00,PM,22.812,1808.3,,,,
292,Fletcher,2009-11-22 18:00,9,11,22,6:00:00,PM,21.855,936.5,,,,
293,Fletcher,2009-11-22 19:00,9,11,22,7:00:00,PM,20.519,333.7,,,,
294,Fletcher,2009-11-22 20:00,9,11,22,8:00:00,PM,19.187,0,,,,
295,Fletcher,2009-11-22 21:00,9,11,22,9:00:00,PM,18.331,0,,,,
296,Fletcher,2009-11-22 22:00,9,11,22,10:00:00,PM,16.999,0,,,,
297,Fletcher,2009-11-22 23:00,9,11,22,11:00:00,PM,16.237,0,,,,
298,Fletcher,2009-12-22 0:00,9,12,22,12:00:00,AM,14.9,0,,,,
299,Fletcher,2009-12-22 1:00,9,12,22,1:00:00,AM,16.046,0,,,,
300,Fletcher,2009-12-22 2:00,9,12,22,2:00:00,AM,14.23,0,,,,
301,Fletcher,2009-12-22 3:00,9,12,22,3:00:00,AM,15.855,0,,,,
302,Fletcher,2009-12-22 4:00,9,12,22,4:00:00,AM,14.325,0,,,,
303,Fletcher,2009-12-22 5:00,9,12,22,5:00:00,AM,12.883,0,,,,
304,Fletcher,2009-12-22 6:00,9,12,22,6:00:00,AM,12.497,0,,,,
305,Fletcher,2009-12-22 7:00,9,12,22,7:00:00,AM,12.497,139.9,,,,
306,Fletcher,2009-12-22 8:00,9,12,22,8:00:00,AM,14.613,322.9,,,,
307,Fletcher,2009-12-22 9:00,9,12,22,9:00:00,AM,16.999,581.3,,,,
308,Fletcher,2009-12-22 10:00,9,12,22,10:00:00,AM,25.222,11711.2,,,,
309,Fletcher,2009-12-22 11:00,9,12,22,11:00:00,AM,23.484,16533.4,,,,
310,Fletcher,2009-12-22 12:00,9,12,22,12:00:00,PM,25.319,6544.5,,,,
311,Fletcher,2009-12-22 13:00,9,12,22,1:00:00,PM,23.773,4133.4,,,,
312,Fletcher,2009-12-22 14:00,9,12,22,2:00:00,PM,26.977,14466.8,,,,
313,Fletcher,2009-12-22 15:00,9,12,22,3:00:00,PM,25.61,4994.5,,,,
314,Fletcher,2009-12-22 16:00,9,12,22,4:00:00,PM,23.677,2755.6,,,,
315,Fletcher,2009-12-22 17:00,9,12,22,5:00:00,PM,22.621,1463.9,,,,
316,Fletcher,2009-12-22 18:00,9,12,22,6:00:00,PM,22.046,1097.9,,,,
317,Fletcher,2009-12-22 19:00,9,12,22,7:00:00,PM,20.805,258.3,,,,
318,Fletcher,2009-12-22 20:00,9,12,22,8:00:00,PM,19.948,0,,,,
319,Fletcher,2009-12-22 21:00,9,12,22,9:00:00,PM,19.662,0,,,,
320,Fletcher,2009-12-22 22:00,9,12,22,10:00:00,PM,19.567,0,,,,
321,Fletcher,2009-12-22 23:00,9,12,22,11:00:00,PM,19.377,0,,,,
322,Fletcher,09/13/22 12:00:59  AM,9,13,22,12:00:00,AM,19.282,0,,,,
323,Fletcher,09/13/22 01:00:59  AM,9,13,22,1:00:00,AM,18.996,0,,,,
324,Fletcher,09/13/22 02:00:59  AM,9,13,22,2:00:00,AM,18.711,0,,,,
325,Fletcher,09/13/22 03:00:59  AM,9,13,22,3:00:00,AM,16.808,0,,,,
326,Fletcher,09/13/22 04:00:59  AM,9,13,22,4:00:00,AM,16.046,0,,,,
327,Fletcher,09/13/22 05:00:59  AM,9,13,22,5:00:00,AM,16.903,0,,,,
328,Fletcher,09/13/22 06:00:59  AM,9,13,22,6:00:00,AM,15.473,0,,,,
329,Fletcher,09/13/22 07:00:59  AM,9,13,22,7:00:00,AM,14.709,269.1,,,,
330,Fletcher,09/13/22 08:00:59  AM,9,13,22,8:00:00,AM,16.618,1001,,,,
331,Fletcher,09/13/22 09:00:59  AM,9,13,22,9:00:00,AM,19.853,2755.6,,,,
332,Fletcher,09/13/22 10:00:59  AM,9,13,22,10:00:00,AM,25.222,7577.8,,,,
333,Fletcher,09/13/22 11:00:59  AM,9,13,22,11:00:00,AM,23.196,5511.1,,,,
334,Fletcher,09/13/22 12:00:59  PM,9,13,22,12:00:00,PM,22.525,1808.3,,,,
335,Fletcher,09/13/22 01:00:59  PM,9,13,22,1:00:00,PM,19.948,678.1,,,,
336,Fletcher,09/13/22 02:00:59  PM,9,13,22,2:00:00,PM,18.806,1550,,,,
337,Fletcher,09/13/22 03:00:59  PM,9,13,22,3:00:00,PM,19.662,3100,,,,
338,Fletcher,09/13/22 04:00:59  PM,9,13,22,4:00:00,PM,20.043,1636.1,,,,
339,Fletcher,09/13/22 05:00:59  PM,9,13,22,5:00:00,PM,18.901,1367,,,,
340,Fletcher,09/13/22 06:00:59  PM,9,13,22,6:00:00,PM,18.331,236.8,,,,
341,Fletcher,09/13/22 07:00:59  PM,9,13,22,7:00:00,PM,17.57,0,,,,
342,Fletcher,09/13/22 08:00:59  PM,9,13,22,8:00:00,PM,17.284,0,,,,
343,Fletcher,09/13/22 09:00:59  PM,9,13,22,9:00:00,PM,16.999,0,,,,
344,Fletcher,09/13/22 10:00:59  PM,9,13,22,10:00:00,PM,16.523,0,,,,
345,Fletcher,09/13/22 11:00:59  PM,9,13,22,11:00:00,PM,16.713,0,,,,
346,Fletcher,09/14/22 12:00:59  AM,9,14,22,12:00:00,AM,16.618,0,,,,
347,Fletcher,09/14/22 01:00:59  AM,9,14,22,1:00:00,AM,16.523,0,,,,
348,Fletcher,09/14/22 02:00:59  AM,9,14,22,2:00:00,AM,16.713,0,,,,
349,Fletcher,09/14/22 03:00:59  AM,9,14,22,3:00:00,AM,16.999,0,,,,
350,Fletcher,09/14/22 04:00:59  AM,9,14,22,4:00:00,AM,17.094,0,,,,
351,Fletcher,09/14/22 05:00:59  AM,9,14,22,5:00:00,AM,17.189,0,,,,
352,Fletcher,09/14/22 06:00:59  AM,9,14,22,6:00:00,AM,17.284,0,,,,
353,Fletcher,09/14/22 07:00:59  AM,9,14,22,7:00:00,AM,16.427,150.7,,,,
354,Fletcher,09/14/22 08:00:59  AM,9,14,22,8:00:00,AM,16.713,667.4,,,,
355,Fletcher,09/14/22 09:00:59  AM,9,14,22,9:00:00,AM,17.665,1463.9,,,,
356,Fletcher,09/14/22 10:00:59  AM,9,14,22,10:00:00,AM,20.71,3444.5,,,,
357,Fletcher,09/14/22 11:00:59  AM,9,14,22,11:00:00,AM,20.71,7233.4,,,,
358,Fletcher,09/14/22 12:00:59  PM,9,14,22,12:00:00,PM,20.805,4650,,,,
359,Fletcher,09/14/22 01:00:59  PM,9,14,22,1:00:00,PM,21.187,3444.5,,,,
360,Fletcher,09/14/22 02:00:59  PM,9,14,22,2:00:00,PM,20.043,5338.9,,,,
361,Fletcher,09/14/22 03:00:59  PM,9,14,22,3:00:00,PM,18.616,5166.7,,,,
362,Fletcher,09/14/22 04:00:59  PM,9,14,22,4:00:00,PM,19.282,5511.1,,,,
363,Fletcher,09/14/22 05:00:59  PM,9,14,22,5:00:00,PM,16.808,2325,,,,
364,Fletcher,09/14/22 06:00:59  PM,9,14,22,6:00:00,PM,15.282,688.9,,,,
365,Fletcher,09/14/22 07:00:59  PM,9,14,22,7:00:00,PM,13.942,118.4,,,,
366,Fletcher,09/14/22 08:00:59  PM,9,14,22,8:00:00,PM,12.497,0,,,,
367,Fletcher,09/14/22 09:00:59  PM,9,14,22,9:00:00,PM,10.651,0,,,,
368,Fletcher,09/14/22 10:00:59  PM,9,14,22,10:00:00,PM,9.768,0,,,,
369,Fletcher,09/14/22 11:00:59  PM,9,14,22,11:00:00,PM,8.68,0,,,,
370,Fletcher,09/15/22 12:00:59  AM,9,15,22,12:00:00,AM,8.282,0,,,,
371,Fletcher,09/15/22 01:00:59  AM,9,15,22,1:00:00,AM,7.983,0,,,,
372,Fletcher,09/15/22 02:00:59  AM,9,15,22,2:00:00,AM,8.382,0,,,,
373,Fletcher,09/15/22 03:00:59  AM,9,15,22,3:00:00,AM,6.877,0,,,,
374,Fletcher,09/15/22 04:00:59  AM,9,15,22,4:00:00,AM,6.674,0,,,,
375,Fletcher,09/15/22 05:00:59  AM,9,15,22,5:00:00,AM,6.978,0,,,,
376,Fletcher,09/15/22 06:00:59  AM,9,15,22,6:00:00,AM,6.978,0,,,,
377,Fletcher,09/15/22 07:00:59  AM,9,15,22,7:00:00,AM,5.86,118.4,,,,
378,Fletcher,09/15/22 08:00:59  AM,9,15,22,8:00:00,AM,7.381,269.1,,,,
379,Fletcher,09/15/22 09:00:59  AM,9,15,22,9:00:00,AM,8.282,452.1,,,,
380,Fletcher,09/15/22 10:00:59  AM,9,15,22,10:00:00,AM,18.14,14466.8,,,,
381,Fletcher,09/15/22 11:00:59  AM,9,15,22,11:00:00,AM,24.545,31689.1,,,,
382,Fletcher,09/15/22 12:00:59  PM,9,15,22,12:00:00,PM,23.292,16533.4,,,,
383,Fletcher,09/15/22 01:00:59  PM,9,15,22,1:00:00,PM,20.519,6544.5,,,,
384,Fletcher,09/15/22 02:00:59  PM,9,15,22,2:00:00,PM,24.351,18600.1,,,,
385,Fletcher,09/15/22 03:00:59  PM,9,15,22,3:00:00,PM,20.996,9300.1,,,,
386,Fletcher,09/15/22 04:00:59  PM,9,15,22,4:00:00,PM,19.092,5511.1,,,,
387,Fletcher,09/15/22 05:00:59  PM,9,15,22,5:00:00,PM,16.713,2238.9,,,,
388,Fletcher,09/15/22 06:00:59  PM,9,15,22,6:00:00,PM,14.517,1033.3,,,,
389,Fletcher,09/15/22 07:00:59  PM,9,15,22,7:00:00,PM,11.625,96.9,,,,
390,Fletcher,09/15/22 08:00:59  PM,9,15,22,8:00:00,PM,10.063,0,,,,
391,Fletcher,09/15/22 09:00:59  PM,9,15,22,9:00:00,PM,10.651,0,,,,
392,Fletcher,09/15/22 10:00:59  PM,9,15,22,10:00:00,PM,10.651,0,,,,
393,Fletcher,09/15/22 11:00:59  PM,9,15,22,11:00:00,PM,11.431,0,,,,
394,Fletcher,09/16/22 12:00:59  AM,9,16,22,12:00:00,AM,10.651,0,,,,
395,Fletcher,09/16/22 01:00:59  AM,9,16,22,1:00:00,AM,11.431,0,,,,
396,Fletcher,09/16/22 02:00:59  AM,9,16,22,2:00:00,AM,11.722,0,,,,
397,Fletcher,09/16/22 03:00:59  AM,9,16,22,3:00:00,AM,11.334,0,,,,
398,Fletcher,09/16/22 04:00:59  AM,9,16,22,4:00:00,AM,11.139,0,,,,
399,Fletcher,09/16/22 05:00:59  AM,9,16,22,5:00:00,AM,10.846,0,,,,
400,Fletcher,09/16/22 06:00:59  AM,9,16,22,6:00:00,AM,10.651,0,,,,
401,Fletcher,09/16/22 07:00:59  AM,9,16,22,7:00:00,AM,10.455,258.3,,,,
402,Fletcher,09/16/22 08:00:59  AM,9,16,22,8:00:00,AM,10.357,1463.9,,,,
403,Fletcher,09/16/22 09:00:59  AM,9,16,22,9:00:00,AM,11.431,775,,,,
404,Fletcher,09/16/22 10:00:59  AM,9,16,22,10:00:00,AM,17.855,7577.8,,,,
405,Fletcher,09/16/22 11:00:59  AM,9,16,22,11:00:00,AM,22.429,14466.8,,,,
406,Fletcher,09/16/22 12:00:59  PM,9,16,22,12:00:00,PM,25.902,17222.3,,,,
407,Fletcher,09/16/22 01:00:59  PM,9,16,22,1:00:00,PM,26.781,0,,,,
408,Fletcher,09/16/22 02:00:59  PM,9,16,22,2:00:00,PM,28.953,0,,,,
409,Fletcher,09/16/22 03:00:59  PM,9,16,22,3:00:00,PM,27.764,0,,,,
410,Fletcher,09/16/22 04:00:59  PM,9,16,22,4:00:00,PM,23.869,0,,,,
411,Fletcher,09/16/22 05:00:59  PM,9,16,22,5:00:00,PM,22.812,0,,,,
412,Fletcher,09/16/22 06:00:59  PM,9,16,22,6:00:00,PM,22.333,0,,,,
413,Fletcher,09/16/22 07:00:59  PM,9,16,22,7:00:00,PM,22.142,0,,,,
414,Fletcher,09/16/22 08:00:59  PM,9,16,22,8:00:00,PM,21.951,0,,,,
415,Fletcher,09/16/22 09:00:59  PM,9,16,22,9:00:00,PM,21.855,0,,,,
416,Fletcher,09/16/22 10:00:59  PM,9,16,22,10:00:00,PM,22.046,0,,,,
417,Fletcher,09/16/22 11:00:59  PM,9,16,22,11:00:00,PM,22.142,0,,,,
418,Fletcher,09/17/22 12:00:59  AM,9,17,22,12:00:00,AM,22.046,0,,,,
419,Fletcher,09/17/22 01:00:59  AM,9,17,22,1:00:00,AM,22.046,0,,,,
420,Fletcher,09/17/22 02:00:59  AM,9,17,22,2:00:00,AM,21.855,0,,,,
421,Fletcher,09/17/22 03:00:59  AM,9,17,22,3:00:00,AM,21.664,0,,,,
422,Fletcher,09/17/22 04:00:59  AM,9,17,22,4:00:00,AM,21.664,0,,,,
423,Fletcher,09/17/22 05:00:59  AM,9,17,22,5:00:00,AM,21.473,0,,,,
424,Fletcher,09/17/22 06:00:59  AM,9,17,22,6:00:00,AM,21.378,0,,,,
425,Fletcher,09/17/22 07:00:59  AM,9,17,22,7:00:00,AM,21.282,0,,,,
426,Fletcher,09/17/22 08:00:59  AM,9,17,22,8:00:00,AM,21.091,0,,,,
427,Fletcher,09/17/22 09:00:59  AM,9,17,22,9:00:00,AM,20.996,0,,,,
428,Fletcher,09/17/22 10:00:59  AM,9,17,22,10:00:00,AM,20.901,0,,,,
429,Fletcher,09/17/22 11:00:59  AM,9,17,22,11:00:00,AM,20.901,0,,,,
430,Fletcher,09/17/22 12:00:59  PM,9,17,22,12:00:00,PM,20.805,0,,,,
431,Fletcher,09/17/22 01:00:59  PM,9,17,22,1:00:00,PM,20.424,0,,,,
432,Fletcher,09/17/22 02:00:59  PM,9,17,22,2:00:00,PM,20.615,0,,,,
433,Fletcher,09/17/22 03:00:59  PM,9,17,22,3:00:00,PM,20.901,0,,,,
434,Fletcher,09/17/22 04:00:59  PM,9,17,22,4:00:00,PM,21.187,0,,,,
435,Fletcher,09/17/22 05:00:59  PM,9,17,22,5:00:00,PM,21.473,0,,,,
436,Fletcher,09/17/22 06:00:59  PM,9,17,22,6:00:00,PM,21.569,0,,,,
437,Fletcher,09/17/22 07:00:59  PM,9,17,22,7:00:00,PM,21.664,0,,,,
438,Fletcher,09/17/22 08:00:59  PM,9,17,22,8:00:00,PM,21.76,0,,,,
439,Fletcher,09/17/22 09:00:59  PM,9,17,22,9:00:00,PM,21.855,0,,,,
440,Fletcher,09/17/22 10:00:59  PM,9,17,22,10:00:00,PM,21.855,0,,,,
441,Fletcher,09/17/22 11:00:59  PM,9,17,22,11:00:00,PM,21.951,0,,,,
442,Fletcher,09/18/22 12:00:59  AM,9,18,22,12:00:00,AM,21.951,0,,,,
443,Fletcher,09/18/22 01:00:59  AM,9,18,22,1:00:00,AM,21.855,0,,,,
444,Fletcher,09/18/22 02:00:59  AM,9,18,22,2:00:00,AM,21.855,0,,,,
445,Fletcher,09/18/22 03:00:59  AM,9,18,22,3:00:00,AM,21.855,0,,,,
446,Fletcher,09/18/22 04:00:59  AM,9,18,22,4:00:00,AM,21.855,0,,,,
447,Fletcher,09/18/22 05:00:59  AM,9,18,22,5:00:00,AM,21.76,0,,,,
448,Fletcher,09/18/22 06:00:59  AM,9,18,22,6:00:00,AM,21.76,0,,,,
449,Fletcher,09/18/22 07:00:59  AM,9,18,22,7:00:00,AM,21.664,0,,,,
450,Fletcher,09/18/22 08:00:59  AM,9,18,22,8:00:00,AM,21.378,0,,,,
451,Fletcher,09/18/22 09:00:59  AM,9,18,22,9:00:00,AM,21.282,0,,,,
452,Fletcher,09/18/22 10:00:59  AM,9,18,22,10:00:00,AM,21.282,0,,,,
453,Fletcher,09/18/22 11:00:59  AM,9,18,22,11:00:00,AM,21.378,0,,,,
454,Fletcher,09/18/22 12:00:59  PM,9,18,22,12:00:00,PM,21.569,0,,,,
455,Fletcher,09/18/22 01:00:59  PM,9,18,22,1:00:00,PM,21.664,0,,,,
456,Fletcher,09/18/22 02:00:59  PM,9,18,22,2:00:00,PM,21.76,0,,,,
457,Fletcher,09/18/22 03:00:59  PM,9,18,22,3:00:00,PM,21.76,0,,,,
458,Fletcher,09/18/22 04:00:59  PM,9,18,22,4:00:00,PM,21.664,0,,,,
459,Fletcher,09/18/22 05:00:59  PM,9,18,22,5:00:00,PM,21.76,0,,,,
460,Fletcher,09/18/22 06:00:59  PM,9,18,22,6:00:00,PM,21.76,0,,,,
461,Fletcher,09/18/22 07:00:59  PM,9,18,22,7:00:00,PM,21.664,0,,,,
462,Fletcher,09/18/22 08:00:59  PM,9,18,22,8:00:00,PM,21.664,0,,,,
463,Fletcher,09/18/22 09:00:59  PM,9,18,22,9:00:00,PM,21.664,0,,,,
464,Fletcher,09/18/22 10:00:59  PM,9,18,22,10:00:00,PM,21.664,0,,,,
465,Fletcher,09/18/22 11:00:59  PM,9,18,22,11:00:00,PM,21.569,0,,,,
466,Fletcher,09/19/22 12:00:59  AM,9,19,22,12:00:00,AM,21.473,0,,,,
467,Fletcher,09/19/22 01:00:59  AM,9,19,22,1:00:00,AM,21.473,0,,,,
468,Fletcher,09/19/22 02:00:59  AM,9,19,22,2:00:00,AM,21.378,0,,,,
469,Fletcher,09/19/22 03:00:59  AM,9,19,22,3:00:00,AM,21.378,0,,,,
470,Fletcher,09/19/22 04:00:59  AM,9,19,22,4:00:00,AM,21.282,0,,,,
471,Fletcher,09/19/22 05:00:59  AM,9,19,22,5:00:00,AM,21.282,0,,,,
472,Fletcher,09/19/22 06:00:59  AM,9,19,22,6:00:00,AM,21.187,0,,,,
473,Fletcher,09/19/22 07:00:59  AM,9,19,22,7:00:00,AM,21.187,0,,,,
474,Fletcher,09/19/22 08:00:59  AM,9,19,22,8:00:00,AM,21.091,0,,,,
475,Fletcher,09/19/22 09:00:59  AM,9,19,22,9:00:00,AM,21.091,0,,,,
476,Fletcher,09/19/22 10:00:59  AM,9,19,22,10:00:00,AM,20.996,0,,,,
477,Fletcher,09/19/22 11:00:59  AM,9,19,22,11:00:00,AM,21.187,0,,,,
478,Fletcher,09/19/22 12:00:59  PM,9,19,22,12:00:00,PM,21.187,0,,,,
479,Fletcher,09/19/22 01:00:59  PM,9,19,22,1:00:00,PM,21.282,0,,,,
480,Fletcher,09/19/22 02:00:59  PM,9,19,22,2:00:00,PM,21.187,0,,,,
481,Fletcher,09/19/22 03:00:59  PM,9,19,22,3:00:00,PM,21.091,0,,,,
482,Fletcher,09/19/22 04:00:59  PM,9,19,22,4:00:00,PM,20.996,0,,,,
483,Fletcher,09/19/22 05:00:59  PM,9,19,22,5:00:00,PM,21.091,0,,,,
484,Fletcher,09/19/22 06:00:59  PM,9,19,22,6:00:00,PM,21.187,0,,,,
485,Fletcher,09/19/22 07:00:59  PM,9,19,22,7:00:00,PM,20.424,0,,,,
486,Fletcher,09/19/22 08:00:59  PM,9,19,22,8:00:00,PM,19.662,0,,,,
487,Fletcher,09/19/22 09:00:59  PM,9,19,22,9:00:00,PM,19.187,0,,,,
488,Fletcher,09/19/22 10:00:59  PM,9,19,22,10:00:00,PM,18.996,0,,,,
489,Fletcher,09/19/22 11:00:59  PM,9,19,22,11:00:00,PM,18.996,0,,,,
490,Fletcher,09/20/22 12:00:59  AM,9,20,22,12:00:00,AM,19.092,0,,,,
491,Fletcher,09/20/22 01:00:59  AM,9,20,22,1:00:00,AM,18.996,0,,,,
492,Fletcher,09/20/22 02:00:59  AM,9,20,22,2:00:00,AM,18.996,0,,,,
493,Fletcher,09/20/22 03:00:59  AM,9,20,22,3:00:00,AM,18.901,0,,,,
494,Fletcher,09/20/22 04:00:59  AM,9,20,22,4:00:00,AM,18.901,0,,,,
495,Fletcher,09/20/22 05:00:59  AM,9,20,22,5:00:00,AM,18.806,0,,,,
496,Fletcher,09/20/22 06:00:59  AM,9,20,22,6:00:00,AM,18.806,0,,,,
497,Fletcher,09/20/22 07:00:59  AM,9,20,22,7:00:00,AM,18.806,0,,,,
498,Fletcher,09/20/22 08:00:59  AM,9,20,22,8:00:00,AM,18.996,0,,,,
499,Fletcher,09/20/22 09:00:59  AM,9,20,22,9:00:00,AM,18.901,0,,,,
500,Fletcher,09/20/22 10:00:59  AM,9,20,22,10:00:00,AM,18.901,0,,,,
501,Fletcher,09/20/22 11:00:59  AM,9,20,22,11:00:00,AM,18.901,0,,,,
502,Fletcher,09/20/22 12:00:59  PM,9,20,22,12:00:00,PM,18.901,0,,,,
503,Fletcher,09/20/22 01:00:59  PM,9,20,22,1:00:00,PM,18.806,0,,,,
504,Fletcher,09/20/22 02:00:59  PM,9,20,22,2:00:00,PM,18.901,0,,,,
505,Fletcher,09/20/22 03:00:59  PM,9,20,22,3:00:00,PM,18.996,0,,,,
506,Fletcher,09/20/22 04:00:59  PM,9,20,22,4:00:00,PM,18.996,0,,,,
507,Fletcher,09/20/22 05:00:59  PM,9,20,22,5:00:00,PM,18.996,0,,,,
508,Fletcher,09/20/22 06:00:59  PM,9,20,22,6:00:00,PM,18.996,0,,,,
509,Fletcher,09/20/22 07:00:59  PM,9,20,22,7:00:00,PM,19.092,0,,,,
510,Fletcher,09/20/22 08:00:59  PM,9,20,22,8:00:00,PM,19.092,0,,,,
511,Fletcher,09/20/22 09:00:59  PM,9,20,22,9:00:00,PM,19.377,0,,,,
512,Fletcher,09/20/22 10:00:59  PM,9,20,22,10:00:00,PM,19.567,0,,,,
513,Fletcher,09/20/22 11:00:59  PM,9,20,22,11:00:00,PM,19.758,0,,,,
514,Fletcher,09/21/22 12:00:59  AM,9,21,22,12:00:00,AM,19.853,0,,,,
515,Fletcher,09/21/22 01:00:59  AM,9,21,22,1:00:00,AM,19.853,0,,,,
516,Fletcher,09/21/22 02:00:59  AM,9,21,22,2:00:00,AM,19.758,0,,,,
517,Fletcher,09/21/22 03:00:59  AM,9,21,22,3:00:00,AM,19.662,0,,,,
518,Fletcher,09/21/22 04:00:59  AM,9,21,22,4:00:00,AM,19.567,0,,,,
519,Fletcher,09/21/22 05:00:59  AM,9,21,22,5:00:00,AM,19.567,0,,,,
520,Fletcher,09/21/22 06:00:59  AM,9,21,22,6:00:00,AM,19.472,0,,,,
521,Fletcher,09/21/22 07:00:59  AM,9,21,22,7:00:00,AM,19.472,0,,,,
522,Fletcher,09/21/22 08:00:59  AM,9,21,22,8:00:00,AM,19.472,0,,,,
523,Fletcher,09/21/22 09:00:59  AM,9,21,22,9:00:00,AM,19.472,0,,,,
524,Fletcher,09/21/22 10:00:59  AM,9,21,22,10:00:00,AM,18.711,0,,,,
525,Fletcher,09/21/22 11:00:59  AM,9,21,22,11:00:00,AM,19.377,0,,,,
526,Fletcher,09/21/22 12:00:59  PM,9,21,22,12:00:00,PM,22.238,0,,,,
527,Fletcher,09/21/22 01:00:59  PM,9,21,22,1:00:00,PM,22.525,0,,,,
528,Fletcher,09/21/22 02:00:59  PM,9,21,22,2:00:00,PM,22.429,0,,,,
529,Fletcher,09/21/22 03:00:59  PM,9,21,22,3:00:00,PM,23.581,172.2,,,,
530,Fletcher,09/21/22 04:00:59  PM,9,21,22,4:00:00,PM,21.664,0,,,,
531,Fletcher,09/21/22 05:00:59  PM,9,21,22,5:00:00,PM,20.996,10.8,,,,
532,Fletcher,09/21/22 06:00:59  PM,9,21,22,6:00:00,PM,21.187,0,,,,
533,Fletcher,09/21/22 07:00:59  PM,9,21,22,7:00:00,PM,21.282,0,,,,
534,Fletcher,09/21/22 08:00:59  PM,9,21,22,8:00:00,PM,21.282,0,,,,
535,Fletcher,09/21/22 09:00:59  PM,9,21,22,9:00:00,PM,21.76,10.8,,,,
536,Fletcher,09/21/22 10:00:59  PM,9,21,22,10:00:00,PM,21.76,10.8,,,,
537,Fletcher,09/21/22 11:00:59  PM,9,21,22,11:00:00,PM,21.569,0,,,,
538,Fletcher,09/22/22 12:00:59  AM,9,22,22,12:00:59,AM,21.664,0,,,,
539,Fletcher,09/22/22 01:00:59  AM,9,22,22,1:00:59,AM,21.664,0,,,,
540,Fletcher,09/22/22 02:00:59  AM,9,22,22,2:00:59,AM,21.664,0,,,,
541,Fletcher,09/22/22 03:00:59  AM,9,22,22,3:00:59,AM,21.664,0,,,,
542,Fletcher,09/22/22 04:00:59  AM,9,22,22,4:00:59,AM,21.569,0,,,,
543,Fletcher,09/22/22 05:00:59  AM,9,22,22,5:00:59,AM,21.473,0,,,,
544,Fletcher,09/22/22 06:00:59  AM,9,22,22,6:00:59,AM,21.378,0,,,,
545,Fletcher,09/22/22 07:00:59  AM,9,22,22,7:00:59,AM,21.282,10.8,,,,
546,Fletcher,09/22/22 08:00:59  AM,9,22,22,8:00:59,AM,21.282,10.8,,,,
547,Fletcher,09/22/22 09:00:59  AM,9,22,22,9:00:59,AM,21.187,86.1,,,,
548,Fletcher,09/22/22 10:00:59  AM,9,22,22,10:00:59,AM,20.901,43.1,,,,
549,Fletcher,09/22/22 11:00:59  AM,9,22,22,11:00:59,AM,20.519,86.1,,,,
550,Fletcher,09/22/22 12:00:59  PM,9,22,22,12:00:59,PM,20.805,86.1,,,,
1,Greenhouse,08/30/22 03:00:00  PM,8,30,22,3:00:00,PM,27.961,527.4,,,,
2,Greenhouse,08/30/22 04:00:00  PM,8,30,22,4:00:00,PM,23.869,398.3,,,,
3,Greenhouse,08/30/22 05:00:00  PM,8,30,22,5:00:00,PM,23.388,473.6,,,,
4,Greenhouse,08/30/22 06:00:00  PM,8,30,22,6:00:00,PM,22.908,301.4,,,,
5,Greenhouse,08/30/22 07:00:00  PM,8,30,22,7:00:00,PM,23.1,32.3,,,,
6,Greenhouse,08/30/22 08:00:00  PM,8,30,22,8:00:00,PM,23.004,0,,,,
7,Greenhouse,08/30/22 09:00:00  PM,8,30,22,9:00:00,PM,22.812,0,,,,
8,Greenhouse,08/30/22 10:00:00  PM,8,30,22,10:00:00,PM,22.812,0,,,,
9,Greenhouse,08/30/22 11:00:00  PM,8,30,22,11:00:00,PM,22.621,0,,,,
10,Greenhouse,08/31/22 12:00:00  AM,8,31,22,12:00:00,AM,22.525,0,,,,
11,Greenhouse,08/31/22 01:00:00  AM,8,31,22,1:00:00,AM,22.238,0,,,,
12,Greenhouse,08/31/22 02:00:00  AM,8,31,22,2:00:00,AM,22.142,0,,,,
13,Greenhouse,08/31/22 03:00:00  AM,8,31,22,3:00:00,AM,21.951,0,,,,
14,Greenhouse,08/31/22 04:00:00  AM,8,31,22,4:00:00,AM,21.664,0,,,,
15,Greenhouse,08/31/22 05:00:00  AM,8,31,22,5:00:00,AM,21.855,0,,,,
16,Greenhouse,08/31/22 06:00:00  AM,8,31,22,6:00:00,AM,21.569,0,,,,
17,Greenhouse,08/31/22 07:00:00  AM,8,31,22,7:00:00,AM,21.473,150.7,,,,
18,Greenhouse,08/31/22 08:00:00  AM,8,31,22,8:00:00,AM,21.664,559.7,,,,
19,Greenhouse,08/31/22 09:00:00  AM,8,31,22,9:00:00,AM,23.292,2583.4,,,,
20,Greenhouse,08/31/22 10:00:00  AM,8,31,22,10:00:00,AM,23.966,2411.1,,,,
21,Greenhouse,08/31/22 11:00:00  AM,8,31,22,11:00:00,AM,24.931,1722.2,,,,
22,Greenhouse,08/31/22 12:00:00  PM,8,31,22,12:00:00,PM,25.61,2755.6,,,,
23,Greenhouse,08/31/22 01:00:00  PM,8,31,22,1:00:00,PM,25.125,624.3,,,,
24,Greenhouse,08/31/22 02:00:00  PM,8,31,22,2:00:00,PM,26.195,2583.4,,,,
25,Greenhouse,08/31/22 03:00:00  PM,8,31,22,3:00:00,PM,22.525,731.9,,,,
26,Greenhouse,08/31/22 04:00:00  PM,8,31,22,4:00:00,PM,25.028,441.3,,,,
27,Greenhouse,08/31/22 05:00:00  PM,8,31,22,5:00:00,PM,24.255,613.5,,,,
28,Greenhouse,08/31/22 06:00:00  PM,8,31,22,6:00:00,PM,22.525,32.3,,,,
29,Greenhouse,08/31/22 07:00:00  PM,8,31,22,7:00:00,PM,22.046,32.3,,,,
30,Greenhouse,08/31/22 08:00:00  PM,8,31,22,8:00:00,PM,21.76,0,,,,
31,Greenhouse,08/31/22 09:00:00  PM,8,31,22,9:00:00,PM,22.142,0,,,,
32,Greenhouse,08/31/22 10:00:00  PM,8,31,22,10:00:00,PM,21.378,0,,,,
33,Greenhouse,08/31/22 11:00:00  PM,8,31,22,11:00:00,PM,21.473,0,,,,
34,Greenhouse,2009-01-22 0:00,9,1,22,12:00:00,AM,21.282,0,,,,
35,Greenhouse,2009-01-22 1:00,9,1,22,1:00:00,AM,21.187,0,,,,
36,Greenhouse,2009-01-22 2:00,9,1,22,2:00:00,AM,20.71,0,,,,
37,Greenhouse,2009-01-22 3:00,9,1,22,3:00:00,AM,20.996,0,,,,
38,Greenhouse,2009-01-22 4:00,9,1,22,4:00:00,AM,20.996,0,,,,
39,Greenhouse,2009-01-22 5:00,9,1,22,5:00:00,AM,20.424,0,,,,
40,Greenhouse,2009-01-22 6:00,9,1,22,6:00:00,AM,20.043,0,,,,
41,Greenhouse,2009-01-22 7:00,9,1,22,7:00:00,AM,20.329,118.4,,,,
42,Greenhouse,2009-01-22 8:00,9,1,22,8:00:00,AM,19.662,1722.2,,,,
43,Greenhouse,2009-01-22 9:00,9,1,22,9:00:00,AM,21.378,3444.5,,,,
44,Greenhouse,2009-01-22 10:00,9,1,22,10:00:00,AM,19.377,1894.5,,,,
45,Greenhouse,2009-01-22 11:00,9,1,22,11:00:00,AM,21.569,1550,,,,
46,Greenhouse,2009-01-22 12:00,9,1,22,12:00:00,PM,24.062,3100,,,,
47,Greenhouse,2009-01-22 13:00,9,1,22,1:00:00,PM,23.581,2066.7,,,,
48,Greenhouse,2009-01-22 14:00,9,1,22,2:00:00,PM,22.621,1722.2,,,,
49,Greenhouse,2009-01-22 15:00,9,1,22,3:00:00,PM,26.977,2755.6,,,,
50,Greenhouse,2009-01-22 16:00,9,1,22,4:00:00,PM,24.158,2669.5,,,,
51,Greenhouse,2009-01-22 17:00,9,1,22,5:00:00,PM,23.196,785.8,,,,
52,Greenhouse,2009-01-22 18:00,9,1,22,6:00:00,PM,21.855,344.4,,,,
53,Greenhouse,2009-01-22 19:00,9,1,22,7:00:00,PM,20.805,96.9,,,,
54,Greenhouse,2009-01-22 20:00,9,1,22,8:00:00,PM,22.142,0,,,,
55,Greenhouse,2009-01-22 21:00,9,1,22,9:00:00,PM,21.378,0,,,,
56,Greenhouse,2009-01-22 22:00,9,1,22,10:00:00,PM,20.901,0,,,,
57,Greenhouse,2009-01-22 23:00,9,1,22,11:00:00,PM,20.901,0,,,,
58,Greenhouse,2009-02-22 0:00,9,2,22,12:00:00,AM,20.901,0,,,,
59,Greenhouse,2009-02-22 1:00,9,2,22,1:00:00,AM,20.805,0,,,,
60,Greenhouse,2009-02-22 2:00,9,2,22,2:00:00,AM,21.664,0,,,,
61,Greenhouse,2009-02-22 3:00,9,2,22,3:00:00,AM,21.569,0,,,,
62,Greenhouse,2009-02-22 4:00,9,2,22,4:00:00,AM,20.996,0,,,,
63,Greenhouse,2009-02-22 5:00,9,2,22,5:00:00,AM,21.091,0,,,,
64,Greenhouse,2009-02-22 6:00,9,2,22,6:00:00,AM,21.378,0,,,,
65,Greenhouse,2009-02-22 7:00,9,2,22,7:00:00,AM,21.664,150.7,,,,
66,Greenhouse,2009-02-22 8:00,9,2,22,8:00:00,AM,21.282,656.6,,,,
67,Greenhouse,2009-02-22 9:00,9,2,22,9:00:00,AM,21.951,2325,,,,
68,Greenhouse,2009-02-22 10:00,9,2,22,10:00:00,AM,24.738,1636.1,,,,
69,Greenhouse,2009-02-22 11:00,9,2,22,11:00:00,AM,22.238,1980.6,,,,
70,Greenhouse,2009-02-22 12:00,9,2,22,12:00:00,PM,25.708,2152.8,,,,
71,Greenhouse,2009-02-22 13:00,9,2,22,1:00:00,PM,31.983,10333.4,,,,
72,Greenhouse,2009-02-22 14:00,9,2,22,2:00:00,PM,34.268,15155.7,,,,
73,Greenhouse,2009-02-22 15:00,9,2,22,3:00:00,PM,31.064,5338.9,,,,
74,Greenhouse,2009-02-22 16:00,9,2,22,4:00:00,PM,28.06,1302.4,,,,
75,Greenhouse,2009-02-22 17:00,9,2,22,5:00:00,PM,26.292,398.3,,,,
76,Greenhouse,2009-02-22 18:00,9,2,22,6:00:00,PM,25.416,344.4,,,,
77,Greenhouse,2009-02-22 19:00,9,2,22,7:00:00,PM,24.351,43.1,,,,
78,Greenhouse,2009-02-22 20:00,9,2,22,8:00:00,PM,23.004,0,,,,
79,Greenhouse,2009-02-22 21:00,9,2,22,9:00:00,PM,22.046,0,,,,
80,Greenhouse,2009-02-22 22:00,9,2,22,10:00:00,PM,21.378,0,,,,
81,Greenhouse,2009-02-22 23:00,9,2,22,11:00:00,PM,20.71,0,,,,
82,Greenhouse,2009-03-22 0:00,9,3,22,12:00:00,AM,20.424,0,,,,
83,Greenhouse,2009-03-22 1:00,9,3,22,1:00:00,AM,19.853,0,,,,
84,Greenhouse,2009-03-22 2:00,9,3,22,2:00:00,AM,21.664,0,,,,
85,Greenhouse,2009-03-22 3:00,9,3,22,3:00:00,AM,21.473,0,,,,
86,Greenhouse,2009-03-22 4:00,9,3,22,4:00:00,AM,21.378,0,,,,
87,Greenhouse,2009-03-22 5:00,9,3,22,5:00:00,AM,21.091,0,,,,
88,Greenhouse,2009-03-22 6:00,9,3,22,6:00:00,AM,21.187,0,,,,
89,Greenhouse,2009-03-22 7:00,9,3,22,7:00:00,AM,21.282,322.9,,,,
90,Greenhouse,2009-03-22 8:00,9,3,22,8:00:00,AM,21.664,1151.7,,,,
91,Greenhouse,2009-03-22 9:00,9,3,22,9:00:00,AM,22.429,3444.5,,,,
92,Greenhouse,2009-03-22 10:00,9,3,22,10:00:00,AM,23.581,3788.9,,,,
93,Greenhouse,2009-03-22 11:00,9,3,22,11:00:00,AM,24.835,3100,,,,
94,Greenhouse,2009-03-22 12:00,9,3,22,12:00:00,PM,27.468,4822.3,,,,
95,Greenhouse,2009-03-22 13:00,9,3,22,1:00:00,PM,34.058,10677.8,,,,
96,Greenhouse,2009-03-22 14:00,9,3,22,2:00:00,PM,37.055,15155.7,,,,
97,Greenhouse,2009-03-22 15:00,9,3,22,3:00:00,PM,33.326,4994.5,,,,
98,Greenhouse,2009-03-22 16:00,9,3,22,4:00:00,PM,30.659,1722.2,,,,
99,Greenhouse,2009-03-22 17:00,9,3,22,5:00:00,PM,30.054,1087.2,,,,
100,Greenhouse,2009-03-22 18:00,9,3,22,6:00:00,PM,28.853,613.5,,,,
101,Greenhouse,2009-03-22 19:00,9,3,22,7:00:00,PM,27.468,236.8,,,,
102,Greenhouse,2009-03-22 20:00,9,3,22,8:00:00,PM,26,0,,,,
103,Greenhouse,2009-03-22 21:00,9,3,22,9:00:00,PM,23.292,0,,,,
104,Greenhouse,2009-03-22 22:00,9,3,22,10:00:00,PM,22.908,0,,,,
105,Greenhouse,2009-03-22 23:00,9,3,22,11:00:00,PM,22.238,0,,,,
106,Greenhouse,2009-04-22 0:00,9,4,22,12:00:00,AM,21.378,0,,,,
107,Greenhouse,2009-04-22 1:00,9,4,22,1:00:00,AM,21.473,0,,,,
108,Greenhouse,2009-04-22 2:00,9,4,22,2:00:00,AM,21.664,0,,,,
109,Greenhouse,2009-04-22 3:00,9,4,22,3:00:00,AM,21.282,0,,,,
110,Greenhouse,2009-04-22 4:00,9,4,22,4:00:00,AM,21.091,0,,,,
111,Greenhouse,2009-04-22 5:00,9,4,22,5:00:00,AM,21.282,0,,,,
112,Greenhouse,2009-04-22 6:00,9,4,22,6:00:00,AM,20.996,0,,,,
113,Greenhouse,2009-04-22 7:00,9,4,22,7:00:00,AM,21.091,75.3,,,,
114,Greenhouse,2009-04-22 8:00,9,4,22,8:00:00,AM,21.282,484.4,,,,
115,Greenhouse,2009-04-22 9:00,9,4,22,9:00:00,AM,21.091,462.9,,,,
116,Greenhouse,2009-04-22 10:00,9,4,22,10:00:00,AM,21.473,1636.1,,,,
117,Greenhouse,2009-04-22 11:00,9,4,22,11:00:00,AM,20.901,1463.9,,,,
118,Greenhouse,2009-04-22 12:00,9,4,22,12:00:00,PM,21.951,3444.5,,,,
119,Greenhouse,2009-04-22 13:00,9,4,22,1:00:00,PM,23.388,2583.4,,,,
120,Greenhouse,2009-04-22 14:00,9,4,22,2:00:00,PM,22.525,2238.9,,,,
121,Greenhouse,2009-04-22 15:00,9,4,22,3:00:00,PM,22.333,1894.5,,,,
122,Greenhouse,2009-04-22 16:00,9,4,22,4:00:00,PM,21.569,2066.7,,,,
123,Greenhouse,2009-04-22 17:00,9,4,22,5:00:00,PM,21.473,592,,,,
124,Greenhouse,2009-04-22 18:00,9,4,22,6:00:00,PM,20.805,699.7,,,,
125,Greenhouse,2009-04-22 19:00,9,4,22,7:00:00,PM,20.615,161.5,,,,
126,Greenhouse,2009-04-22 20:00,9,4,22,8:00:00,PM,20.901,0,,,,
127,Greenhouse,2009-04-22 21:00,9,4,22,9:00:00,PM,21.091,0,,,,
128,Greenhouse,2009-04-22 22:00,9,4,22,10:00:00,PM,20.901,0,,,,
129,Greenhouse,2009-04-22 23:00,9,4,22,11:00:00,PM,20.901,0,,,,
130,Greenhouse,2009-05-22 0:00,9,5,22,12:00:00,AM,20.71,0,,,,
131,Greenhouse,2009-05-22 1:00,9,5,22,1:00:00,AM,20.901,0,,,,
132,Greenhouse,2009-05-22 2:00,9,5,22,2:00:00,AM,20.996,0,,,,
133,Greenhouse,2009-05-22 3:00,9,5,22,3:00:00,AM,20.71,0,,,,
134,Greenhouse,2009-05-22 4:00,9,5,22,4:00:00,AM,20.805,0,,,,
135,Greenhouse,2009-05-22 5:00,9,5,22,5:00:00,AM,20.615,0,,,,
136,Greenhouse,2009-05-22 6:00,9,5,22,6:00:00,AM,20.424,0,,,,
137,Greenhouse,2009-05-22 7:00,9,5,22,7:00:00,AM,20.71,183,,,,
138,Greenhouse,2009-05-22 8:00,9,5,22,8:00:00,AM,20.901,796.5,,,,
139,Greenhouse,2009-05-22 9:00,9,5,22,9:00:00,AM,20.329,1463.9,,,,
140,Greenhouse,2009-05-22 10:00,9,5,22,10:00:00,AM,21.282,2411.1,,,,
141,Greenhouse,2009-05-22 11:00,9,5,22,11:00:00,AM,22.525,3961.1,,,,
142,Greenhouse,2009-05-22 12:00,9,5,22,12:00:00,PM,23.966,4822.3,,,,
143,Greenhouse,2009-05-22 13:00,9,5,22,1:00:00,PM,25.61,4994.5,,,,
144,Greenhouse,2009-05-22 14:00,9,5,22,2:00:00,PM,24.931,2669.5,,,,
145,Greenhouse,2009-05-22 15:00,9,5,22,3:00:00,PM,28.258,4650,,,,
146,Greenhouse,2009-05-22 16:00,9,5,22,4:00:00,PM,26.195,1377.8,,,,
147,Greenhouse,2009-05-22 17:00,9,5,22,5:00:00,PM,24.835,1356.3,,,,
148,Greenhouse,2009-05-22 18:00,9,5,22,6:00:00,PM,23.773,312.2,,,,
149,Greenhouse,2009-05-22 19:00,9,5,22,7:00:00,PM,22.238,161.5,,,,
150,Greenhouse,2009-05-22 20:00,9,5,22,8:00:00,PM,21.091,0,,,,
151,Greenhouse,2009-05-22 21:00,9,5,22,9:00:00,PM,20.71,0,,,,
152,Greenhouse,2009-05-22 22:00,9,5,22,10:00:00,PM,21.569,0,,,,
153,Greenhouse,2009-05-22 23:00,9,5,22,11:00:00,PM,20.901,0,,,,
154,Greenhouse,2009-06-22 0:00,9,6,22,12:00:00,AM,21.091,0,,,,
155,Greenhouse,2009-06-22 1:00,9,6,22,1:00:00,AM,20.996,0,,,,
156,Greenhouse,2009-06-22 2:00,9,6,22,2:00:00,AM,20.996,0,,,,
157,Greenhouse,2009-06-22 3:00,9,6,22,3:00:00,AM,20.424,0,,,,
158,Greenhouse,2009-06-22 4:00,9,6,22,4:00:00,AM,20.71,0,,,,
159,Greenhouse,2009-06-22 5:00,9,6,22,5:00:00,AM,20.996,0,,,,
160,Greenhouse,2009-06-22 6:00,9,6,22,6:00:00,AM,20.424,0,,,,
161,Greenhouse,2009-06-22 7:00,9,6,22,7:00:00,AM,20.805,86.1,,,,
162,Greenhouse,2009-06-22 8:00,9,6,22,8:00:00,AM,20.901,1636.1,,,,
163,Greenhouse,2009-06-22 9:00,9,6,22,9:00:00,AM,21.187,1636.1,,,,
164,Greenhouse,2009-06-22 10:00,9,6,22,10:00:00,AM,22.429,2497.2,,,,
165,Greenhouse,2009-06-22 11:00,9,6,22,11:00:00,AM,22.717,4305.6,,,,
166,Greenhouse,2009-06-22 12:00,9,6,22,12:00:00,PM,23.1,3616.7,,,,
167,Greenhouse,2009-06-22 13:00,9,6,22,1:00:00,PM,24.931,2411.1,,,,
168,Greenhouse,2009-06-22 14:00,9,6,22,2:00:00,PM,25.028,2238.9,,,,
169,Greenhouse,2009-06-22 15:00,9,6,22,3:00:00,PM,25.61,2927.8,,,,
170,Greenhouse,2009-06-22 16:00,9,6,22,4:00:00,PM,26,1980.6,,,,
171,Greenhouse,2009-06-22 17:00,9,6,22,5:00:00,PM,24.931,1194.8,,,,
172,Greenhouse,2009-06-22 18:00,9,6,22,6:00:00,PM,23.581,409,,,,
173,Greenhouse,2009-06-22 19:00,9,6,22,7:00:00,PM,22.429,96.9,,,,
174,Greenhouse,2009-06-22 20:00,9,6,22,8:00:00,PM,21.473,0,,,,
175,Greenhouse,2009-06-22 21:00,9,6,22,9:00:00,PM,20.996,0,,,,
176,Greenhouse,2009-06-22 22:00,9,6,22,10:00:00,PM,20.996,0,,,,
177,Greenhouse,2009-06-22 23:00,9,6,22,11:00:00,PM,21.378,0,,,,
178,Greenhouse,2009-07-22 0:00,9,7,22,12:00:00,AM,20.901,0,,,,
179,Greenhouse,2009-07-22 1:00,9,7,22,1:00:00,AM,21.378,0,,,,
180,Greenhouse,2009-07-22 2:00,9,7,22,2:00:00,AM,21.091,0,,,,
181,Greenhouse,2009-07-22 3:00,9,7,22,3:00:00,AM,20.996,0,,,,
182,Greenhouse,2009-07-22 4:00,9,7,22,4:00:00,AM,20.996,0,,,,
183,Greenhouse,2009-07-22 5:00,9,7,22,5:00:00,AM,21.378,0,,,,
184,Greenhouse,2009-07-22 6:00,9,7,22,6:00:00,AM,21.091,0,,,,
185,Greenhouse,2009-07-22 7:00,9,7,22,7:00:00,AM,20.996,75.3,,,,
186,Greenhouse,2009-07-22 8:00,9,7,22,8:00:00,AM,21.76,581.3,,,,
187,Greenhouse,2009-07-22 9:00,9,7,22,9:00:00,AM,22.238,1205.6,,,,
188,Greenhouse,2009-07-22 10:00,9,7,22,10:00:00,AM,23.1,1722.2,,,,
189,Greenhouse,2009-07-22 11:00,9,7,22,11:00:00,AM,26.195,3788.9,,,,
190,Greenhouse,2009-07-22 12:00,9,7,22,12:00:00,PM,26.39,3272.2,,,,
191,Greenhouse,2009-07-22 13:00,9,7,22,1:00:00,PM,26.097,3961.1,,,,
192,Greenhouse,2009-07-22 14:00,9,7,22,2:00:00,PM,31.676,1894.5,,,,
193,Greenhouse,2009-07-22 15:00,9,7,22,3:00:00,PM,28.754,2325,,,,
194,Greenhouse,2009-07-22 16:00,9,7,22,4:00:00,PM,27.272,1980.6,,,,
195,Greenhouse,2009-07-22 17:00,9,7,22,5:00:00,PM,26.683,462.9,,,,
196,Greenhouse,2009-07-22 18:00,9,7,22,6:00:00,PM,25.805,366,,,,
197,Greenhouse,2009-07-22 19:00,9,7,22,7:00:00,PM,24.641,96.9,,,,
198,Greenhouse,2009-07-22 20:00,9,7,22,8:00:00,PM,23.1,0,,,,
199,Greenhouse,2009-07-22 21:00,9,7,22,9:00:00,PM,21.855,0,,,,
200,Greenhouse,2009-07-22 22:00,9,7,22,10:00:00,PM,20.996,0,,,,
201,Greenhouse,2009-07-22 23:00,9,7,22,11:00:00,PM,21.76,0,,,,
202,Greenhouse,2009-08-22 0:00,9,8,22,12:00:00,AM,21.76,0,,,,
203,Greenhouse,2009-08-22 1:00,9,8,22,1:00:00,AM,20.901,0,,,,
204,Greenhouse,2009-08-22 2:00,9,8,22,2:00:00,AM,21.855,0,,,,
205,Greenhouse,2009-08-22 3:00,9,8,22,3:00:00,AM,20.805,0,,,,
206,Greenhouse,2009-08-22 4:00,9,8,22,4:00:00,AM,20.901,0,,,,
207,Greenhouse,2009-08-22 5:00,9,8,22,5:00:00,AM,20.901,0,,,,
208,Greenhouse,2009-08-22 6:00,9,8,22,6:00:00,AM,20.901,0,,,,
209,Greenhouse,2009-08-22 7:00,9,8,22,7:00:00,AM,20.901,107.6,,,,
210,Greenhouse,2009-08-22 8:00,9,8,22,8:00:00,AM,22.142,1065.6,,,,
211,Greenhouse,2009-08-22 9:00,9,8,22,9:00:00,AM,23.196,1636.1,,,,
212,Greenhouse,2009-08-22 10:00,9,8,22,10:00:00,AM,24.545,1980.6,,,,
213,Greenhouse,2009-08-22 11:00,9,8,22,11:00:00,AM,26.488,3616.7,,,,
214,Greenhouse,2009-08-22 12:00,9,8,22,12:00:00,PM,26.39,4477.8,,,,
215,Greenhouse,2009-08-22 13:00,9,8,22,1:00:00,PM,29.953,8611.2,,,,
216,Greenhouse,2009-08-22 14:00,9,8,22,2:00:00,PM,35.542,14466.8,,,,
217,Greenhouse,2009-08-22 15:00,9,8,22,3:00:00,PM,30.963,4133.4,,,,
218,Greenhouse,2009-08-22 16:00,9,8,22,4:00:00,PM,28.853,1463.9,,,,
219,Greenhouse,2009-08-22 17:00,9,8,22,5:00:00,PM,26.879,473.6,,,,
220,Greenhouse,2009-08-22 18:00,9,8,22,6:00:00,PM,25.708,322.9,,,,
221,Greenhouse,2009-08-22 19:00,9,8,22,7:00:00,PM,24.448,86.1,,,,
222,Greenhouse,2009-08-22 20:00,9,8,22,8:00:00,PM,22.429,0,,,,
223,Greenhouse,2009-08-22 21:00,9,8,22,9:00:00,PM,20.996,0,,,,
224,Greenhouse,2009-08-22 22:00,9,8,22,10:00:00,PM,20.234,0,,,,
225,Greenhouse,2009-08-22 23:00,9,8,22,11:00:00,PM,19.662,0,,,,
226,Greenhouse,2009-09-22 0:00,9,9,22,12:00:00,AM,18.806,0,,,,
227,Greenhouse,2009-09-22 1:00,9,9,22,1:00:00,AM,21.569,0,,,,
228,Greenhouse,2009-09-22 2:00,9,9,22,2:00:00,AM,21.282,0,,,,
229,Greenhouse,2009-09-22 3:00,9,9,22,3:00:00,AM,21.378,0,,,,
230,Greenhouse,2009-09-22 4:00,9,9,22,4:00:00,AM,21.282,0,,,,
231,Greenhouse,2009-09-22 5:00,9,9,22,5:00:00,AM,21.282,0,,,,
232,Greenhouse,2009-09-22 6:00,9,9,22,6:00:00,AM,21.187,0,,,,
233,Greenhouse,2009-09-22 7:00,9,9,22,7:00:00,AM,21.187,193.8,,,,
234,Greenhouse,2009-09-22 8:00,9,9,22,8:00:00,AM,21.569,1184,,,,
235,Greenhouse,2009-09-22 9:00,9,9,22,9:00:00,AM,22.046,2583.4,,,,
236,Greenhouse,2009-09-22 10:00,9,9,22,10:00:00,AM,22.429,2066.7,,,,
237,Greenhouse,2009-09-22 11:00,9,9,22,11:00:00,AM,24.448,3272.2,,,,
238,Greenhouse,2009-09-22 12:00,9,9,22,12:00:00,PM,27.272,4305.6,,,,
239,Greenhouse,2009-09-22 13:00,9,9,22,1:00:00,PM,30.255,7233.4,,,,
240,Greenhouse,2009-09-22 14:00,9,9,22,2:00:00,PM,33.743,12400.1,,,,
241,Greenhouse,2009-09-22 15:00,9,9,22,3:00:00,PM,30.558,3788.9,,,,
242,Greenhouse,2009-09-22 16:00,9,9,22,4:00:00,PM,29.053,1550,,,,
243,Greenhouse,2009-09-22 17:00,9,9,22,5:00:00,PM,27.37,635.1,,,,
244,Greenhouse,2009-09-22 18:00,9,9,22,6:00:00,PM,26.097,398.3,,,,
245,Greenhouse,2009-09-22 19:00,9,9,22,7:00:00,PM,25.125,107.6,,,,
246,Greenhouse,2009-09-22 20:00,9,9,22,8:00:00,PM,23.581,0,,,,
247,Greenhouse,2009-09-22 21:00,9,9,22,9:00:00,PM,22.429,0,,,,
248,Greenhouse,2009-09-22 22:00,9,9,22,10:00:00,PM,21.664,0,,,,
249,Greenhouse,2009-09-22 23:00,9,9,22,11:00:00,PM,21.091,0,,,,
250,Greenhouse,2009-10-22 0:00,9,10,22,12:00:00,AM,20.519,0,,,,
251,Greenhouse,2009-10-22 1:00,9,10,22,1:00:00,AM,20.138,0,,,,
252,Greenhouse,2009-10-22 2:00,9,10,22,2:00:00,AM,21.855,0,,,,
253,Greenhouse,2009-10-22 3:00,9,10,22,3:00:00,AM,21.378,0,,,,
254,Greenhouse,2009-10-22 4:00,9,10,22,4:00:00,AM,21.091,0,,,,
255,Greenhouse,2009-10-22 5:00,9,10,22,5:00:00,AM,21.187,0,,,,
256,Greenhouse,2009-10-22 6:00,9,10,22,6:00:00,AM,21.282,0,,,,
257,Greenhouse,2009-10-22 7:00,9,10,22,7:00:00,AM,21.378,96.9,,,,
258,Greenhouse,2009-10-22 8:00,9,10,22,8:00:00,AM,21.378,1033.3,,,,
259,Greenhouse,2009-10-22 9:00,9,10,22,9:00:00,AM,22.525,3272.2,,,,
260,Greenhouse,2009-10-22 10:00,9,10,22,10:00:00,AM,24.351,1980.6,,,,
261,Greenhouse,2009-10-22 11:00,9,10,22,11:00:00,AM,26.977,3788.9,,,,
262,Greenhouse,2009-10-22 12:00,9,10,22,12:00:00,PM,30.054,2927.8,,,,
263,Greenhouse,2009-10-22 13:00,9,10,22,1:00:00,PM,33.118,7577.8,,,,
264,Greenhouse,2009-10-22 14:00,9,10,22,2:00:00,PM,37.274,14466.8,,,,
265,Greenhouse,2009-10-22 15:00,9,10,22,3:00:00,PM,31.88,4133.4,,,,
266,Greenhouse,2009-10-22 16:00,9,10,22,4:00:00,PM,30.558,1980.6,,,,
267,Greenhouse,2009-10-22 17:00,9,10,22,5:00:00,PM,28.953,527.4,,,,
268,Greenhouse,2009-10-22 18:00,9,10,22,6:00:00,PM,27.862,602.8,,,,
269,Greenhouse,2009-10-22 19:00,9,10,22,7:00:00,PM,26.683,183,,,,
270,Greenhouse,2009-10-22 20:00,9,10,22,8:00:00,PM,24.835,0,,,,
271,Greenhouse,2009-10-22 21:00,9,10,22,9:00:00,PM,23.484,0,,,,
272,Greenhouse,2009-10-22 22:00,9,10,22,10:00:00,PM,22.429,0,,,,
273,Greenhouse,2009-10-22 23:00,9,10,22,11:00:00,PM,20.805,0,,,,
274,Greenhouse,2009-11-22 0:00,9,11,22,12:00:00,AM,20.138,0,,,,
275,Greenhouse,2009-11-22 1:00,9,11,22,1:00:00,AM,19.948,0,,,,
276,Greenhouse,2009-11-22 2:00,9,11,22,2:00:00,AM,21.664,0,,,,
277,Greenhouse,2009-11-22 3:00,9,11,22,3:00:00,AM,21.569,0,,,,
278,Greenhouse,2009-11-22 4:00,9,11,22,4:00:00,AM,21.378,0,,,,
279,Greenhouse,2009-11-22 5:00,9,11,22,5:00:00,AM,21.187,0,,,,
280,Greenhouse,2009-11-22 6:00,9,11,22,6:00:00,AM,21.282,0,,,,
281,Greenhouse,2009-11-22 7:00,9,11,22,7:00:00,AM,21.187,118.4,,,,
282,Greenhouse,2009-11-22 8:00,9,11,22,8:00:00,AM,21.282,495.1,,,,
283,Greenhouse,2009-11-22 9:00,9,11,22,9:00:00,AM,22.525,2927.8,,,,
284,Greenhouse,2009-11-22 10:00,9,11,22,10:00:00,AM,24.448,2066.7,,,,
285,Greenhouse,2009-11-22 11:00,9,11,22,11:00:00,AM,26.879,3272.2,,,,
286,Greenhouse,2009-11-22 12:00,9,11,22,12:00:00,PM,25.513,3961.1,,,,
287,Greenhouse,2009-11-22 13:00,9,11,22,1:00:00,PM,26.781,5511.1,,,,
288,Greenhouse,2009-11-22 14:00,9,11,22,2:00:00,PM,26.879,3961.1,,,,
289,Greenhouse,2009-11-22 15:00,9,11,22,3:00:00,PM,25.61,1636.1,,,,
290,Greenhouse,2009-11-22 16:00,9,11,22,4:00:00,PM,25.222,1151.7,,,,
291,Greenhouse,2009-11-22 17:00,9,11,22,5:00:00,PM,24.835,850.4,,,,
292,Greenhouse,2009-11-22 18:00,9,11,22,6:00:00,PM,24.255,441.3,,,,
293,Greenhouse,2009-11-22 19:00,9,11,22,7:00:00,PM,23.388,161.5,,,,
294,Greenhouse,2009-11-22 20:00,9,11,22,8:00:00,PM,22.429,0,,,,
295,Greenhouse,2009-11-22 21:00,9,11,22,9:00:00,PM,21.855,0,,,,
296,Greenhouse,2009-11-22 22:00,9,11,22,10:00:00,PM,21.282,0,,,,
297,Greenhouse,2009-11-22 23:00,9,11,22,11:00:00,PM,20.615,0,,,,
298,Greenhouse,2009-12-22 0:00,9,12,22,12:00:00,AM,20.234,0,,,,
299,Greenhouse,2009-12-22 1:00,9,12,22,1:00:00,AM,21.76,0,,,,
300,Greenhouse,2009-12-22 2:00,9,12,22,2:00:00,AM,21.282,0,,,,
301,Greenhouse,2009-12-22 3:00,9,12,22,3:00:00,AM,21.187,0,,,,
302,Greenhouse,2009-12-22 4:00,9,12,22,4:00:00,AM,21.091,0,,,,
303,Greenhouse,2009-12-22 5:00,9,12,22,5:00:00,AM,21.091,0,,,,
304,Greenhouse,2009-12-22 6:00,9,12,22,6:00:00,AM,20.805,0,,,,
305,Greenhouse,2009-12-22 7:00,9,12,22,7:00:00,AM,20.996,75.3,,,,
306,Greenhouse,2009-12-22 8:00,9,12,22,8:00:00,AM,21.282,882.6,,,,
307,Greenhouse,2009-12-22 9:00,9,12,22,9:00:00,AM,22.621,1894.5,,,,
308,Greenhouse,2009-12-22 10:00,9,12,22,10:00:00,AM,24.062,1980.6,,,,
309,Greenhouse,2009-12-22 11:00,9,12,22,11:00:00,AM,23.1,4133.4,,,,
310,Greenhouse,2009-12-22 12:00,9,12,22,12:00:00,PM,24.738,3444.5,,,,
311,Greenhouse,2009-12-22 13:00,9,12,22,1:00:00,PM,24.448,1980.6,,,,
312,Greenhouse,2009-12-22 14:00,9,12,22,2:00:00,PM,28.655,12400.1,,,,
313,Greenhouse,2009-12-22 15:00,9,12,22,3:00:00,PM,27.272,3444.5,,,,
314,Greenhouse,2009-12-22 16:00,9,12,22,4:00:00,PM,25.805,1119.5,,,,
315,Greenhouse,2009-12-22 17:00,9,12,22,5:00:00,PM,25.125,688.9,,,,
316,Greenhouse,2009-12-22 18:00,9,12,22,6:00:00,PM,24.835,505.9,,,,
317,Greenhouse,2009-12-22 19:00,9,12,22,7:00:00,PM,24.158,118.4,,,,
318,Greenhouse,2009-12-22 20:00,9,12,22,8:00:00,PM,23.292,0,,,,
319,Greenhouse,2009-12-22 21:00,9,12,22,9:00:00,PM,22.812,0,,,,
320,Greenhouse,2009-12-22 22:00,9,12,22,10:00:00,PM,22.429,0,,,,
321,Greenhouse,2009-12-22 23:00,9,12,22,11:00:00,PM,21.951,0,,,,
322,Greenhouse,09/13/22 12:00:00  AM,9,13,22,12:00:00,AM,21.76,0,,,,
323,Greenhouse,09/13/22 01:00:00  AM,9,13,22,1:00:00,AM,21.473,0,,,,
324,Greenhouse,09/13/22 02:00:00  AM,9,13,22,2:00:00,AM,21.282,0,,,,
325,Greenhouse,09/13/22 03:00:00  AM,9,13,22,3:00:00,AM,20.901,0,,,,
326,Greenhouse,09/13/22 04:00:00  AM,9,13,22,4:00:00,AM,20.615,0,,,,
327,Greenhouse,09/13/22 05:00:00  AM,9,13,22,5:00:00,AM,20.424,0,,,,
328,Greenhouse,09/13/22 06:00:00  AM,9,13,22,6:00:00,AM,20.615,0,,,,
329,Greenhouse,09/13/22 07:00:00  AM,9,13,22,7:00:00,AM,21.378,107.6,,,,
330,Greenhouse,09/13/22 08:00:00  AM,9,13,22,8:00:00,AM,21.282,398.3,,,,
331,Greenhouse,09/13/22 09:00:00  AM,9,13,22,9:00:00,AM,22.333,1162.5,,,,
332,Greenhouse,09/13/22 10:00:00  AM,9,13,22,10:00:00,AM,24.448,3272.2,,,,
333,Greenhouse,09/13/22 11:00:00  AM,9,13,22,11:00:00,AM,24.158,1894.5,,,,
334,Greenhouse,09/13/22 12:00:00  PM,9,13,22,12:00:00,PM,23.388,947.2,,,,
335,Greenhouse,09/13/22 01:00:00  PM,9,13,22,1:00:00,PM,21.951,312.2,,,,
336,Greenhouse,09/13/22 02:00:00  PM,9,13,22,2:00:00,PM,21.951,710.4,,,,
337,Greenhouse,09/13/22 03:00:00  PM,9,13,22,3:00:00,PM,22.717,1259.4,,,,
338,Greenhouse,09/13/22 04:00:00  PM,9,13,22,4:00:00,PM,23.196,893.4,,,,
339,Greenhouse,09/13/22 05:00:00  PM,9,13,22,5:00:00,PM,22.812,721.2,,,,
340,Greenhouse,09/13/22 06:00:00  PM,9,13,22,6:00:00,PM,22.621,118.4,,,,
341,Greenhouse,09/13/22 07:00:00  PM,9,13,22,7:00:00,PM,21.378,0,,,,
342,Greenhouse,09/13/22 08:00:00  PM,9,13,22,8:00:00,PM,20.901,0,,,,
343,Greenhouse,09/13/22 09:00:00  PM,9,13,22,9:00:00,PM,21.855,0,,,,
344,Greenhouse,09/13/22 10:00:00  PM,9,13,22,10:00:00,PM,21.282,0,,,,
345,Greenhouse,09/13/22 11:00:00  PM,9,13,22,11:00:00,PM,21.091,0,,,,
346,Greenhouse,09/14/22 12:00:00  AM,9,14,22,12:00:00,AM,21.378,0,,,,
347,Greenhouse,09/14/22 01:00:00  AM,9,14,22,1:00:00,AM,20.996,0,,,,
348,Greenhouse,09/14/22 02:00:00  AM,9,14,22,2:00:00,AM,21.282,0,,,,
349,Greenhouse,09/14/22 03:00:00  AM,9,14,22,3:00:00,AM,21.473,0,,,,
350,Greenhouse,09/14/22 04:00:00  AM,9,14,22,4:00:00,AM,21.091,0,,,,
351,Greenhouse,09/14/22 05:00:00  AM,9,14,22,5:00:00,AM,21.664,0,,,,
352,Greenhouse,09/14/22 06:00:00  AM,9,14,22,6:00:00,AM,21.091,0,,,,
353,Greenhouse,09/14/22 07:00:00  AM,9,14,22,7:00:00,AM,20.901,75.3,,,,
354,Greenhouse,09/14/22 08:00:00  AM,9,14,22,8:00:00,AM,21.855,398.3,,,,
355,Greenhouse,09/14/22 09:00:00  AM,9,14,22,9:00:00,AM,22.333,1722.2,,,,
356,Greenhouse,09/14/22 10:00:00  AM,9,14,22,10:00:00,AM,24.545,3100,,,,
357,Greenhouse,09/14/22 11:00:00  AM,9,14,22,11:00:00,AM,24.641,1377.8,,,,
358,Greenhouse,09/14/22 12:00:00  PM,9,14,22,12:00:00,PM,23.292,2152.8,,,,
359,Greenhouse,09/14/22 01:00:00  PM,9,14,22,1:00:00,PM,24.448,1377.8,,,,
360,Greenhouse,09/14/22 02:00:00  PM,9,14,22,2:00:00,PM,24.351,2669.5,,,,
361,Greenhouse,09/14/22 03:00:00  PM,9,14,22,3:00:00,PM,23.1,1550,,,,
362,Greenhouse,09/14/22 04:00:00  PM,9,14,22,4:00:00,PM,23.388,2583.4,,,,
363,Greenhouse,09/14/22 05:00:00  PM,9,14,22,5:00:00,PM,21.664,968.8,,,,
364,Greenhouse,09/14/22 06:00:00  PM,9,14,22,6:00:00,PM,20.138,226,,,,
365,Greenhouse,09/14/22 07:00:00  PM,9,14,22,7:00:00,PM,21.282,43.1,,,,
366,Greenhouse,09/14/22 08:00:00  PM,9,14,22,8:00:00,PM,21.091,0,,,,
367,Greenhouse,09/14/22 09:00:00  PM,9,14,22,9:00:00,PM,21.282,0,,,,
368,Greenhouse,09/14/22 10:00:00  PM,9,14,22,10:00:00,PM,20.329,0,,,,
369,Greenhouse,09/14/22 11:00:00  PM,9,14,22,11:00:00,PM,20.901,0,,,,
370,Greenhouse,09/15/22 12:00:00  AM,9,15,22,12:00:00,AM,20.805,0,,,,
371,Greenhouse,09/15/22 01:00:00  AM,9,15,22,1:00:00,AM,20.519,0,,,,
372,Greenhouse,09/15/22 02:00:00  AM,9,15,22,2:00:00,AM,20.901,0,,,,
373,Greenhouse,09/15/22 03:00:00  AM,9,15,22,3:00:00,AM,20.329,0,,,,
374,Greenhouse,09/15/22 04:00:00  AM,9,15,22,4:00:00,AM,20.901,0,,,,
375,Greenhouse,09/15/22 05:00:00  AM,9,15,22,5:00:00,AM,20.138,0,,,,
376,Greenhouse,09/15/22 06:00:00  AM,9,15,22,6:00:00,AM,20.805,0,,,,
377,Greenhouse,09/15/22 07:00:00  AM,9,15,22,7:00:00,AM,20.234,64.6,,,,
378,Greenhouse,09/15/22 08:00:00  AM,9,15,22,8:00:00,AM,20.043,624.3,,,,
379,Greenhouse,09/15/22 09:00:00  AM,9,15,22,9:00:00,AM,19.662,2325,,,,
380,Greenhouse,09/15/22 10:00:00  AM,9,15,22,10:00:00,AM,19.662,1808.3,,,,
381,Greenhouse,09/15/22 11:00:00  AM,9,15,22,11:00:00,AM,21.378,3272.2,,,,
382,Greenhouse,09/15/22 12:00:00  PM,9,15,22,12:00:00,PM,24.158,4305.6,,,,
383,Greenhouse,09/15/22 01:00:00  PM,9,15,22,1:00:00,PM,26.195,7233.4,,,,
384,Greenhouse,09/15/22 02:00:00  PM,9,15,22,2:00:00,PM,29.352,12400.1,,,,
385,Greenhouse,09/15/22 03:00:00  PM,9,15,22,3:00:00,PM,26.39,4133.4,,,,
386,Greenhouse,09/15/22 04:00:00  PM,9,15,22,4:00:00,PM,24.738,1980.6,,,,
387,Greenhouse,09/15/22 05:00:00  PM,9,15,22,5:00:00,PM,22.525,538.2,,,,
388,Greenhouse,09/15/22 06:00:00  PM,9,15,22,6:00:00,PM,21.855,279.9,,,,
389,Greenhouse,09/15/22 07:00:00  PM,9,15,22,7:00:00,PM,23.773,43.1,,,,
390,Greenhouse,09/15/22 08:00:00  PM,9,15,22,8:00:00,PM,22.908,0,,,,
391,Greenhouse,09/15/22 09:00:00  PM,9,15,22,9:00:00,PM,22.333,0,,,,
392,Greenhouse,09/15/22 10:00:00  PM,9,15,22,10:00:00,PM,22.238,0,,,,
393,Greenhouse,09/15/22 11:00:00  PM,9,15,22,11:00:00,PM,22.621,0,,,,
394,Greenhouse,09/16/22 12:00:00  AM,9,16,22,12:00:00,AM,22.908,0,,,,
395,Greenhouse,09/16/22 01:00:00  AM,9,16,22,1:00:00,AM,22.621,0,,,,
396,Greenhouse,09/16/22 02:00:00  AM,9,16,22,2:00:00,AM,22.142,0,,,,
397,Greenhouse,09/16/22 03:00:00  AM,9,16,22,3:00:00,AM,22.046,0,,,,
398,Greenhouse,09/16/22 04:00:00  AM,9,16,22,4:00:00,AM,22.621,0,,,,
399,Greenhouse,09/16/22 05:00:00  AM,9,16,22,5:00:00,AM,23.004,0,,,,
400,Greenhouse,09/16/22 06:00:00  AM,9,16,22,6:00:00,AM,22.812,0,,,,
401,Greenhouse,09/16/22 07:00:00  AM,9,16,22,7:00:00,AM,22.238,107.6,,,,
402,Greenhouse,09/16/22 08:00:00  AM,9,16,22,8:00:00,AM,22.238,979.5,,,,
403,Greenhouse,09/16/22 09:00:00  AM,9,16,22,9:00:00,AM,22.717,1980.6,,,,
404,Greenhouse,09/16/22 10:00:00  AM,9,16,22,10:00:00,AM,23.388,2152.8,,,,
405,Greenhouse,09/16/22 11:00:00  AM,9,16,22,11:00:00,AM,25.513,4305.6,,,,
406,Greenhouse,09/16/22 12:00:00  PM,9,16,22,12:00:00,PM,24.738,3961.1,,,,
407,Greenhouse,09/16/22 01:00:00  PM,9,16,22,1:00:00,PM,25.319,1894.5,,,,
408,Greenhouse,09/16/22 02:00:00  PM,9,16,22,2:00:00,PM,29.652,2497.2,,,,
409,Greenhouse,09/16/22 03:00:00  PM,9,16,22,3:00:00,PM,26.683,5166.7,,,,
410,Greenhouse,09/16/22 04:00:00  PM,9,16,22,4:00:00,PM,26.097,2927.8,,,,
411,Greenhouse,09/16/22 05:00:00  PM,9,16,22,5:00:00,PM,23.388,1313.2,,,,
412,Greenhouse,09/16/22 06:00:00  PM,9,16,22,6:00:00,PM,21.664,441.3,,,,
413,Greenhouse,09/16/22 07:00:00  PM,9,16,22,7:00:00,PM,22.621,43.1,,,,
414,Greenhouse,09/16/22 08:00:00  PM,9,16,22,8:00:00,PM,23.1,0,,,,
415,Greenhouse,09/16/22 09:00:00  PM,9,16,22,9:00:00,PM,22.333,0,,,,
416,Greenhouse,09/16/22 10:00:00  PM,9,16,22,10:00:00,PM,22.429,0,,,,
417,Greenhouse,09/16/22 11:00:00  PM,9,16,22,11:00:00,PM,23.004,0,,,,
418,Greenhouse,09/17/22 12:00:00  AM,9,17,22,12:00:00,AM,22.142,0,,,,
419,Greenhouse,09/17/22 01:00:00  AM,9,17,22,1:00:00,AM,22.525,0,,,,
420,Greenhouse,09/17/22 02:00:00  AM,9,17,22,2:00:00,AM,23.004,0,,,,
421,Greenhouse,09/17/22 03:00:00  AM,9,17,22,3:00:00,AM,22.142,0,,,,
422,Greenhouse,09/17/22 04:00:00  AM,9,17,22,4:00:00,AM,22.717,0,,,,
423,Greenhouse,09/17/22 05:00:00  AM,9,17,22,5:00:00,AM,22.908,0,,,,
424,Greenhouse,09/17/22 06:00:00  AM,9,17,22,6:00:00,AM,21.951,0,,,,
425,Greenhouse,09/17/22 07:00:00  AM,9,17,22,7:00:00,AM,23.1,204.5,,,,
426,Greenhouse,09/17/22 08:00:00  AM,9,17,22,8:00:00,AM,22.812,602.8,,,,
427,Greenhouse,09/17/22 09:00:00  AM,9,17,22,9:00:00,AM,22.333,1302.4,,,,
428,Greenhouse,09/17/22 10:00:00  AM,9,17,22,10:00:00,AM,23.004,2152.8,,,,
429,Greenhouse,09/17/22 11:00:00  AM,9,17,22,11:00:00,AM,23.966,2583.4,,,,
430,Greenhouse,09/17/22 12:00:00  PM,9,17,22,12:00:00,PM,25.028,3100,,,,
431,Greenhouse,09/17/22 01:00:00  PM,9,17,22,1:00:00,PM,21.569,3100,,,,
432,Greenhouse,09/17/22 02:00:00  PM,9,17,22,2:00:00,PM,21.76,2927.8,,,,
433,Greenhouse,09/17/22 03:00:00  PM,9,17,22,3:00:00,PM,22.525,1636.1,,,,
434,Greenhouse,09/17/22 04:00:00  PM,9,17,22,4:00:00,PM,22.142,2152.8,,,,
435,Greenhouse,09/17/22 05:00:00  PM,9,17,22,5:00:00,PM,22.621,1345.5,,,,
436,Greenhouse,09/17/22 06:00:00  PM,9,17,22,6:00:00,PM,22.429,947.2,,,,
437,Greenhouse,09/17/22 07:00:00  PM,9,17,22,7:00:00,PM,21.282,64.6,,,,
438,Greenhouse,09/17/22 08:00:00  PM,9,17,22,8:00:00,PM,22.046,0,,,,
439,Greenhouse,09/17/22 09:00:00  PM,9,17,22,9:00:00,PM,21.951,0,,,,
440,Greenhouse,09/17/22 10:00:00  PM,9,17,22,10:00:00,PM,21.855,0,,,,
441,Greenhouse,09/17/22 11:00:00  PM,9,17,22,11:00:00,PM,22.333,0,,,,
442,Greenhouse,09/18/22 12:00:00  AM,9,18,22,12:00:00,AM,22.046,0,,,,
443,Greenhouse,09/18/22 01:00:00  AM,9,18,22,1:00:00,AM,22.142,0,,,,
444,Greenhouse,09/18/22 02:00:00  AM,9,18,22,2:00:00,AM,22.333,0,,,,
445,Greenhouse,09/18/22 03:00:00  AM,9,18,22,3:00:00,AM,22.333,0,,,,
446,Greenhouse,09/18/22 04:00:00  AM,9,18,22,4:00:00,AM,22.142,0,,,,
447,Greenhouse,09/18/22 05:00:00  AM,9,18,22,5:00:00,AM,22.333,0,,,,
448,Greenhouse,09/18/22 06:00:00  AM,9,18,22,6:00:00,AM,22.908,0,,,,
449,Greenhouse,09/18/22 07:00:00  AM,9,18,22,7:00:00,AM,22.238,96.9,,,,
450,Greenhouse,09/18/22 08:00:00  AM,9,18,22,8:00:00,AM,23.196,667.4,,,,
451,Greenhouse,09/18/22 09:00:00  AM,9,18,22,9:00:00,AM,23.869,1463.9,,,,
452,Greenhouse,09/18/22 10:00:00  AM,9,18,22,10:00:00,AM,23.869,2066.7,,,,
453,Greenhouse,09/18/22 11:00:00  AM,9,18,22,11:00:00,AM,20.615,398.3,,,,
454,Greenhouse,09/18/22 12:00:00  PM,9,18,22,12:00:00,PM,21.473,688.9,,,,
455,Greenhouse,09/18/22 01:00:00  PM,9,18,22,1:00:00,PM,23.1,1722.2,,,,
456,Greenhouse,09/18/22 02:00:00  PM,9,18,22,2:00:00,PM,20.424,75.3,,,,
457,Greenhouse,09/18/22 03:00:00  PM,9,18,22,3:00:00,PM,21.664,53.8,,,,
458,Greenhouse,09/18/22 04:00:00  PM,9,18,22,4:00:00,PM,22.142,21.5,,,,
459,Greenhouse,09/18/22 05:00:00  PM,9,18,22,5:00:00,PM,22.046,53.8,,,,
460,Greenhouse,09/18/22 06:00:00  PM,9,18,22,6:00:00,PM,22.238,107.6,,,,
461,Greenhouse,09/18/22 07:00:00  PM,9,18,22,7:00:00,PM,22.525,0,,,,
462,Greenhouse,09/18/22 08:00:00  PM,9,18,22,8:00:00,PM,22.238,0,,,,
463,Greenhouse,09/18/22 09:00:00  PM,9,18,22,9:00:00,PM,22.429,0,,,,
464,Greenhouse,09/18/22 10:00:00  PM,9,18,22,10:00:00,PM,23.292,0,,,,
465,Greenhouse,09/18/22 11:00:00  PM,9,18,22,11:00:00,PM,22.717,0,,,,
466,Greenhouse,09/19/22 12:00:00  AM,9,19,22,12:00:00,AM,22.238,0,,,,
467,Greenhouse,09/19/22 01:00:00  AM,9,19,22,1:00:00,AM,23.292,0,,,,
468,Greenhouse,09/19/22 02:00:00  AM,9,19,22,2:00:00,AM,23.292,0,,,,
469,Greenhouse,09/19/22 03:00:00  AM,9,19,22,3:00:00,AM,22.429,0,,,,
470,Greenhouse,09/19/22 04:00:00  AM,9,19,22,4:00:00,AM,22.046,0,,,,
471,Greenhouse,09/19/22 05:00:00  AM,9,19,22,5:00:00,AM,22.429,0,,,,
472,Greenhouse,09/19/22 06:00:00  AM,9,19,22,6:00:00,AM,22.621,0,,,,
473,Greenhouse,09/19/22 07:00:00  AM,9,19,22,7:00:00,AM,21.951,0,,,,
474,Greenhouse,09/19/22 08:00:00  AM,9,19,22,8:00:00,AM,23.292,53.8,,,,
475,Greenhouse,09/19/22 09:00:00  AM,9,19,22,9:00:00,AM,23.773,236.8,,,,
476,Greenhouse,09/19/22 10:00:00  AM,9,19,22,10:00:00,AM,23.581,1162.5,,,,
477,Greenhouse,09/19/22 11:00:00  AM,9,19,22,11:00:00,AM,23.869,775,,,,
478,Greenhouse,09/19/22 12:00:00  PM,9,19,22,12:00:00,PM,23.196,753.5,,,,
479,Greenhouse,09/19/22 01:00:00  PM,9,19,22,1:00:00,PM,23.869,366,,,,
480,Greenhouse,09/19/22 02:00:00  PM,9,19,22,2:00:00,PM,22.908,258.3,,,,
481,Greenhouse,09/19/22 03:00:00  PM,9,19,22,3:00:00,PM,23.581,968.8,,,,
482,Greenhouse,09/19/22 04:00:00  PM,9,19,22,4:00:00,PM,23.388,2669.5,,,,
483,Greenhouse,09/19/22 05:00:00  PM,9,19,22,5:00:00,PM,23.004,1044.1,,,,
484,Greenhouse,09/19/22 06:00:00  PM,9,19,22,6:00:00,PM,23.1,441.3,,,,
485,Greenhouse,09/19/22 07:00:00  PM,9,19,22,7:00:00,PM,22.812,10.8,,,,
486,Greenhouse,09/19/22 08:00:00  PM,9,19,22,8:00:00,PM,22.621,0,,,,
487,Greenhouse,09/19/22 09:00:00  PM,9,19,22,9:00:00,PM,22.142,0,,,,
488,Greenhouse,09/19/22 10:00:00  PM,9,19,22,10:00:00,PM,22.238,0,,,,
489,Greenhouse,09/19/22 11:00:00  PM,9,19,22,11:00:00,PM,22.429,0,,,,
490,Greenhouse,09/20/22 12:00:00  AM,9,20,22,12:00:00,AM,22.717,0,,,,
491,Greenhouse,09/20/22 01:00:00  AM,9,20,22,1:00:00,AM,23.1,0,,,,
492,Greenhouse,09/20/22 02:00:00  AM,9,20,22,2:00:00,AM,23.292,0,,,,
493,Greenhouse,09/20/22 03:00:00  AM,9,20,22,3:00:00,AM,23.581,0,,,,
494,Greenhouse,09/20/22 04:00:00  AM,9,20,22,4:00:00,AM,22.812,0,,,,
495,Greenhouse,09/20/22 05:00:00  AM,9,20,22,5:00:00,AM,22.333,0,,,,
496,Greenhouse,09/20/22 06:00:00  AM,9,20,22,6:00:00,AM,22.429,0,,,,
497,Greenhouse,09/20/22 07:00:00  AM,9,20,22,7:00:00,AM,23.004,107.6,,,,
498,Greenhouse,09/20/22 08:00:00  AM,9,20,22,8:00:00,AM,23.292,247.6,,,,
499,Greenhouse,09/20/22 09:00:00  AM,9,20,22,9:00:00,AM,23.484,538.2,,,,
500,Greenhouse,09/20/22 10:00:00  AM,9,20,22,10:00:00,AM,24.351,1194.8,,,,
501,Greenhouse,09/20/22 11:00:00  AM,9,20,22,11:00:00,AM,23.004,1194.8,,,,
502,Greenhouse,09/20/22 12:00:00  PM,9,20,22,12:00:00,PM,23.1,1463.9,,,,
503,Greenhouse,09/20/22 01:00:00  PM,9,20,22,1:00:00,PM,25.416,6200,,,,
504,Greenhouse,09/20/22 02:00:00  PM,9,20,22,2:00:00,PM,24.062,1894.5,,,,
505,Greenhouse,09/20/22 03:00:00  PM,9,20,22,3:00:00,PM,23.292,1980.6,,,,
506,Greenhouse,09/20/22 04:00:00  PM,9,20,22,4:00:00,PM,23.388,1980.6,,,,
507,Greenhouse,09/20/22 05:00:00  PM,9,20,22,5:00:00,PM,23.292,947.2,,,,
508,Greenhouse,09/20/22 06:00:00  PM,9,20,22,6:00:00,PM,23.484,226,,,,
509,Greenhouse,09/20/22 07:00:00  PM,9,20,22,7:00:00,PM,22.525,10.8,,,,
510,Greenhouse,09/20/22 08:00:00  PM,9,20,22,8:00:00,PM,22.812,0,,,,
511,Greenhouse,09/20/22 09:00:00  PM,9,20,22,9:00:00,PM,23.004,0,,,,
512,Greenhouse,09/20/22 10:00:00  PM,9,20,22,10:00:00,PM,23.004,0,,,,
513,Greenhouse,09/20/22 11:00:00  PM,9,20,22,11:00:00,PM,22.717,0,,,,
514,Greenhouse,09/21/22 12:00:00  AM,9,21,22,12:00:00,AM,22.812,0,,,,
515,Greenhouse,09/21/22 01:00:00  AM,9,21,22,1:00:00,AM,23.1,0,,,,
516,Greenhouse,09/21/22 02:00:00  AM,9,21,22,2:00:00,AM,23.196,0,,,,
517,Greenhouse,09/21/22 03:00:00  AM,9,21,22,3:00:00,AM,23.581,0,,,,
518,Greenhouse,09/21/22 04:00:00  AM,9,21,22,4:00:00,AM,23.484,0,,,,
519,Greenhouse,09/21/22 05:00:00  AM,9,21,22,5:00:00,AM,23.677,0,,,,
520,Greenhouse,09/21/22 06:00:00  AM,9,21,22,6:00:00,AM,23.581,0,,,,
521,Greenhouse,09/21/22 07:00:00  AM,9,21,22,7:00:00,AM,23.484,75.3,,,,
522,Greenhouse,09/21/22 08:00:00  AM,9,21,22,8:00:00,AM,23.677,699.7,,,,
523,Greenhouse,09/21/22 09:00:00  AM,9,21,22,9:00:00,AM,24.062,2583.4,,,,
524,Greenhouse,09/21/22 10:00:00  AM,9,21,22,10:00:00,AM,24.351,3616.7,,,,
525,Greenhouse,09/21/22 11:00:00  AM,9,21,22,11:00:00,AM,25.125,3444.5,,,,
526,Greenhouse,09/21/22 12:00:00  PM,9,21,22,12:00:00,PM,22.812,699.7,,,,
527,Greenhouse,09/21/22 01:00:00  PM,9,21,22,1:00:00,PM,23.388,0,,,,
528,Greenhouse,09/21/22 02:00:00  PM,9,21,22,2:00:00,PM,22.717,0,,,,
529,Greenhouse,09/21/22 03:00:00  PM,9,21,22,3:00:00,PM,23.869,21.5,,,,
530,Greenhouse,09/21/22 04:00:00  PM,9,21,22,4:00:00,PM,21.282,0,,,,
531,Greenhouse,09/21/22 05:00:00  PM,9,21,22,5:00:00,PM,20.901,0,,,,
532,Greenhouse,09/21/22 06:00:00  PM,9,21,22,6:00:00,PM,21.282,32.3,,,,
533,Greenhouse,09/21/22 07:00:00  PM,9,21,22,7:00:00,PM,21.378,0,,,,
534,Greenhouse,09/21/22 08:00:00  PM,9,21,22,8:00:00,PM,21.378,21.5,,,,
535,Greenhouse,09/21/22 09:00:00  PM,9,21,22,9:00:00,PM,21.951,21.5,,,,
536,Greenhouse,09/21/22 10:00:00  PM,9,21,22,10:00:00,PM,21.951,21.5,,,,
537,Greenhouse,09/21/22 11:00:00  PM,9,21,22,11:00:00,PM,21.664,0,,,,
538,Greenhouse,09/22/22 12:00:00  AM,9,22,22,12:00:00,AM,21.76,0,,,,
539,Greenhouse,09/22/22 01:00:00  AM,9,22,22,1:00:00,AM,21.855,0,,,,
540,Greenhouse,09/22/22 02:00:00  AM,9,22,22,2:00:00,AM,21.76,0,,,,
541,Greenhouse,09/22/22 03:00:00  AM,9,22,22,3:00:00,AM,21.76,0,,,,
542,Greenhouse,09/22/22 04:00:00  AM,9,22,22,4:00:00,AM,21.664,0,,,,
543,Greenhouse,09/22/22 05:00:00  AM,9,22,22,5:00:00,AM,21.569,0,,,,
544,Greenhouse,09/22/22 06:00:00  AM,9,22,22,6:00:00,AM,21.473,0,,,,
545,Greenhouse,09/22/22 07:00:00  AM,9,22,22,7:00:00,AM,21.378,21.5,,,,
546,Greenhouse,09/22/22 08:00:00  AM,9,22,22,8:00:00,AM,21.378,32.3,,,,
547,Greenhouse,09/22/22 09:00:00  AM,9,22,22,9:00:00,AM,21.282,118.4,,,,
548,Greenhouse,09/22/22 10:00:00  AM,9,22,22,10:00:00,AM,20.901,64.6,,,,
549,Greenhouse,09/22/22 11:00:00  AM,9,22,22,11:00:00,AM,20.519,139.9,,,,
550,Greenhouse,09/22/22 12:00:00  PM,9,22,22,12:00:00,PM,20.901,129.2,,,,
